data,sp500_retorno,sp500_peso,sp500_saldo,sp500_mov,ouro_retorno,ouro_peso,ouro_saldo,ouro_mov,tbond_retorno,tbond_peso,tbond_saldo,tbond_mov,bil_retorno,bil_peso,bil_saldo,bil_mov,saldo_total,retorno_total
2006-01-01,-0.0225,0.24929864830400408,24437.5,0.0,0.0527,0.26847742922723794,26317.5,0.0,-0.0595,0.23986228003060445,23512.5,0.0,-0.0497,0.24236164243815353,23757.5,0.0,98025.0,-0.019750000000000045
2006-02-01,-0.0351,0.24956028941243413,23579.74375,0.0,-0.0472,0.26538891538834725,25075.314,0.0,-0.0283,0.24180618809242732,22847.09625,0.0,-0.0326,0.24324460710679116,22983.0055,0.0,94485.15950000001,-0.036111609283346
2006-03-01,0.0345,0.2521618907519142,24393.244909375,0.0,0.0626,0.27543940259274463,26645.028656399998,0.0,-0.027,0.22980195954760485,22230.22465125,0.0,0.0211,0.24259674710773624,23467.946916049998,0.0,96736.445133075,0.023826870219497254
2006-04-01,-0.0254,0.24777223917099292,23773.656488676876,0.0,0.08,0.2999139105675723,28776.630948912,0.0,-0.0672,0.21611706028195743,20736.353554686,0.0,-0.0343,0.23619678997947735,22662.99633682948,0.0,95949.63732910436,-0.008133519925073496
2006-05-01,0.0627,0.24310766552094024,25264.264750516915,0.0,0.0774,0.2983382291476029,31003.942184357787,0.0,0.0902,0.21753570812519396,22606.772645318677,0.0,0.1052,0.24101839720626284,25047.14355146394,0.0,103922.12313165732,0.08309031721722504
2006-06-01,-0.0589,0.24573283970914028,23776.199556711468,0.0,-0.101,0.2880695620229058,27872.54402373765,0.0,-0.0517,0.22156700103992982,21438.0024995557,0.0,-0.055,0.24463059722802422,23669.550656133426,0.0,96756.29673613823,-0.06895381059950845
2006-07-01,0.0055,0.24267713735132185,23906.96865427338,0.0,0.0361,0.29314509713232595,28878.74286299458,0.0,0.018,0.2215319888146579,21823.886544547702,0.0,0.0099,0.24264577670169435,23903.879207629147,0.0,98513.4772694448,0.018160890738703417
2006-08-01,0.0027,0.24603628666569494,23971.51746963992,0.0,-0.0351,0.28599881052112586,27865.09898850347,0.0,0.0079,0.22576321295202936,21996.29524824963,0.0,-0.0128,0.2422016898611499,23597.909553771493,0.0,97430.8212601645,-0.010989927868641947
2006-09-01,0.0444,0.25274658668956446,25035.85284529193,0.0,-0.025,0.27427619434880246,27168.471513790882,0.0,0.0346,0.22974439428806961,22757.367063839065,0.0,0.021,0.2432328246735635,24093.465654400694,0.0,99055.15707732257,0.016671683520153024
2006-10-01,0.0159,0.25711867373216757,25433.922905532072,0.0,-0.002,0.2741044056052324,27114.1345707633,0.0,-0.0105,0.22764498210543901,22518.414709668756,0.0,-0.01,0.24113193855716092,23852.530997856687,0.0,98919.00318382082,-0.0013745260470937604
2006-11-01,0.0294,0.25415466870925424,26181.680238954716,0.0,0.0831,0.28507877272350873,29367.31915359373,0.0,0.0322,0.22563280644695477,23243.507663320088,0.0,0.0155,0.23513375212028206,24222.245228323467,0.0,103014.75228419201,0.04140507858495179
2006-12-01,-0.0032,0.25944297342226175,26097.89886219006,0.0,-0.0336,0.28213540802196213,28380.57723003298,0.0,-0.0489,0.21976787998870612,22106.900138583736,0.0,-0.0089,0.23865373856706987,24006.66724579139,0.0,100592.04347659818,-0.023518076332506133
2007-01-01,0.0112,0.2607518754928358,26390.19532944659,0.0,0.0229,0.2868396864045488,29030.492448600737,0.0,-0.0128,0.2156342945105544,21823.931816809865,0.0,-0.0018,0.23677414359206098,23963.455244748962,0.0,101208.07483960615,0.006124056552756052
2007-02-01,-0.0226,0.2528603534674714,25793.776915001097,0.0,0.0253,0.2917905089825185,29764.963907550336,0.0,0.0289,0.2201263156431846,22454.64344631567,0.0,0.0013,0.2352228219068255,23994.607736567137,0.0,102007.99200543424,0.007903689177921613
2007-03-01,-0.0315,0.2557740489900797,24981.272942178563,0.0,-0.0502,0.28945392276499093,28270.76271939131,0.0,-0.061,0.21588062649684783,21084.910196090415,0.0,-0.0276,0.2388914017480816,23332.356563037883,0.0,97669.30242069816,-0.04253283982401046
2007-04-01,0.041,0.2620308404930663,26005.505132807884,0.0,0.0202,0.2906096026524036,28841.832126323014,0.0,0.0031,0.2131096432080439,21150.273417698296,0.0,-0.0036,0.2342499136464862,23248.360079410948,0.0,99245.97075624015,0.016142926144293357
2007-05-01,-0.0137,0.2690549684180859,25649.229712488417,0.0,-0.0691,0.2816388511865641,26848.861526394092,0.0,-0.0703,0.2062649833793081,19663.409196434106,0.0,-0.0034,0.24304119701604188,23169.315655140952,0.0,95330.81609045756,-0.03944900368195969
2007-06-01,-0.0279,0.26739644072013835,24933.61620350999,0.0,-0.0281,0.27984516579248364,26094.40851750242,0.0,-0.0242,0.20577375497359018,19187.5546938804,0.0,-0.006,0.2469846385137877,23030.299761210106,0.0,93245.87917610293,-0.02187054511708242
2007-07-01,-0.0544,0.2579565121681454,23577.22748203905,0.0,-0.0019,0.28495433953920224,26044.829141319166,0.0,0.0054,0.21106308131282614,19291.167489227355,0.0,-0.0236,0.24602606697982626,22486.78468684555,0.0,91400.00879943112,-0.019795731382249326
2007-08-01,0.0674,0.25857559041750067,25166.33261432848,0.0,0.0691,0.2860931338939998,27844.52683498432,0.0,0.0685,0.2117876497601441,20612.612462239427,0.0,0.0541,0.24354362592835535,23703.319738403894,0.0,97326.79164995613,0.0648444450758292
2007-09-01,-0.0354,0.2578756473441207,24275.44443978125,0.0,0.0297,0.304574609736416,28671.509281983355,0.0,-0.0705,0.20352866017624943,19159.423283651548,0.0,-0.0706,0.2340210827432139,22029.865364872578,0.0,94136.24237028873,-0.03278181912275979
2007-10-01,-0.0353,0.2545964397512842,23418.521251056973,0.0,0.0165,0.3168478728867019,29144.58918513608,0.0,-0.0359,0.2008155657216596,18471.599987768455,0.0,-0.0491,0.22774012164035426,20948.198975457333,0.0,91982.90939941884,-0.022874643353615776
2007-11-01,-0.0238,0.24450432753406556,22861.160445281817,0.0,0.0052,0.31332763197427577,29296.141048898786,0.0,0.0711,0.21160348352206815,19784.930746898794,0.0,0.0291,0.23056455696959044,21557.791565643143,0.0,93500.02380672254,0.016493437935474642
2007-12-01,-0.0114,0.23898719200345858,22600.543216205606,0.0,0.0614,0.32881017625779735,31094.92410930117,0.0,-0.0169,0.20567806567681443,19450.565417276204,0.0,-0.0063,0.22652456606192967,21421.97747877959,0.0,94568.01022156257,0.011422311688900733
2008-01-01,-0.0728,0.21852849578905695,20955.22367006584,0.0,0.0961,0.3554311236905646,34083.14631620501,0.0,0.0083,0.20452093681396105,19612.005110239596,0.0,-0.0084,0.22151944370641735,21242.03286795784,0.0,95892.4079644683,0.014004711950720061
2008-02-01,-0.083,0.2089691133098557,19215.940105450376,0.0,0.0004,0.37079496268997364,34096.779574731496,0.0,-0.0576,0.20099152192383327,18482.353615889795,0.0,-0.0509,0.21924440207633739,20160.813394978788,0.0,91955.88669105046,-0.04105143834615632
2008-03-01,0.0368,0.2119329670241155,19923.08670133095,0.0,-0.0196,0.35559738442570327,33428.482695066756,0.0,0.0614,0.20867876208891384,19617.17012790543,0.0,0.0435,0.2237908864612674,21037.808777660364,0.0,94006.5483019635,0.02230049303752324
2008-04-01,0.0241,0.22485644050299752,20403.233090833026,0.0,-0.067,0.34371987781457564,31188.774354497284,0.0,-0.0506,0.20525414028477468,18624.541319433414,0.0,-0.0245,0.22616954139765208,20522.382462607686,0.0,90738.93122737142,-0.03475946233124094
2008-05-01,-0.0296,0.22703547362205925,19799.297391344367,0.0,-0.0262,0.34826675498894,30371.628466409456,0.0,-0.0691,0.19880740517660514,17337.585514260565,0.0,-0.0401,0.2258903662123955,19699.434925857116,0.0,87207.94629787152,-0.038913671141354356
2008-06-01,-0.11,0.20743965487538285,17621.374678296488,0.0,0.0157,0.3631495636348982,30848.463033332086,0.0,-0.004,0.20328247993278242,17268.235172203524,0.0,-0.0249,0.2261283015569365,19208.918996203276,0.0,84946.99188003538,-0.025926013784495217
2008-07-01,-0.0304,0.20700013677230236,17085.684888076274,0.0,-0.0326,0.3615578990127707,29842.80313844546,0.0,-0.0278,0.2033957206542649,16788.178234416268,0.0,-0.0201,0.2280462435606621,18822.81972437959,0.0,82539.48598531759,-0.02834127308613521
2008-08-01,0.0595,0.21505075282637384,18102.283138916813,0.0,-0.0485,0.33733081879034293,28395.427186230852,0.0,0.0715,0.21369942838218692,17988.53297817703,0.0,0.0461,0.23391900000109642,19690.55171367349,0.0,84176.79501699818,0.019836675890759103
2008-09-01,0.0911,0.19552305001660972,19751.401132872135,0.0,0.2581,0.35364182499125923,35724.28694299704,0.0,0.2134,0.21607264654877542,21827.285915720007,0.0,0.2044,0.2347624784433555,23715.30048394835,0.0,101018.27447553755,0.20007270952925316
2008-10-01,-0.1089,0.18011642066461422,17600.47354950236,0.0,-0.1083,0.3259952639663725,31855.34666707046,0.0,0.0497,0.23447356658729562,22912.102025731292,0.0,0.0689,0.2594147487817176,25349.28468729239,0.0,97717.2069295965,-0.03267792449514095
2008-11-01,0.0087,0.15698760162628225,17753.59766938303,0.0,0.2334,0.34742835547605855,39290.3845791647,0.0,0.2417,0.2515710118238277,28449.957085350547,0.0,0.0886,0.2440130310738315,27595.231310586496,0.0,113089.17064448478,0.15731071525574314
2008-12-01,0.0228,0.14932145160225924,18158.379696244963,0.0,0.0912,0.3525621997402387,42873.66765278453,0.0,0.1457,0.268038783894742,32595.115832686122,0.0,0.0139,0.23007756476276,27978.80502580365,0.0,121605.96820751927,0.0753104608911539
2009-01-01,-0.099,0.2431997006421922,29011.451896316714,14040.79,0.0379,0.25037342301246074,29867.209945825063,-14097.09,-0.1434,0.25187036458378653,30045.781088278934,2480.51,-0.0127,0.2545565117615604,30366.213347975943,2778.02,119290.65627839667,-0.01903945968483678
2009-02-01,-0.0874,0.2223747505755494,26475.851000578634,0.0,0.0448,0.2620977932139144,31205.260951398028,0.0,0.0068,0.2540751854253514,30250.09239967923,0.0,0.0251,0.26145227078518474,31128.40530301014,0.0,119059.60965466604,-0.0019368375607844435
2009-03-01,0.0753,0.2364021485003288,28469.482580922206,0.0,-0.0375,0.24940226998289589,30035.0636657206,0.0,0.0279,0.25819594463782697,31094.06997763028,0.0,-0.0096,0.2559996368789483,30829.57261210124,0.0,120428.18883637433,0.011494907346646599
2009-04-01,0.0226,0.25989189549870173,29112.892887251048,0.0,-0.0975,0.24198204438526505,27106.64495831284,0.0,-0.1327,0.2407433458775721,26967.88689159874,0.0,-0.0648,0.2573827142384612,28831.81630683708,0.0,112019.2410439997,-0.06982541109042051
2009-05-01,-0.032,0.26577632204604185,28181.280314859014,0.0,0.0163,0.25980844304963086,27548.48327113334,0.0,-0.1174,0.2244741875746726,23801.85697052505,0.0,-0.0808,0.24994104732965466,26502.205549244645,0.0,106033.82610576205,-0.053432025448973186
2009-06-01,-0.0233,0.26936823558861334,27524.6564835228,0.0,-0.0765,0.2489769066364428,25441.02430089164,0.0,-0.0193,0.22843965229067895,23342.481130993914,0.0,-0.0237,0.2532152054842648,25874.103277727547,0.0,102182.26519313591,-0.0363238888388735
2009-07-01,0.034,0.28148309086866286,28460.494803962574,0.0,-0.0083,0.2495311516300059,25229.86379919424,0.0,-0.0349,0.22280718770149777,22527.828539522226,0.0,-0.038,0.24617856979983352,24890.8873531739,0.0,101109.07449585294,-0.010502709988416514
2009-08-01,0.0325,0.2872792513032499,29385.460885091357,0.0,-0.0054,0.2453212193076826,25093.622534678594,0.0,0.0178,0.22415763310400713,22928.823887525723,0.0,-0.0004,0.2432418962850604,24880.93099823263,0.0,102288.8383055283,0.01166822874759621
2009-09-01,-0.0155,0.28892307283478813,28929.98624137244,0.0,0.0076,0.25251403273971135,25284.334065942152,0.0,-0.0292,0.22230311296365263,22259.302230009973,0.0,-0.0492,0.2362597814618479,23656.789193119585,0.0,100130.41173044415,-0.021101291312323966
2009-10-01,-0.0494,0.2839855134770092,27500.844921048643,0.0,0.0061,0.26268956315326397,25438.5685037444,0.0,-0.0585,0.21641233959064712,20957.133049554388,0.0,-0.0302,0.2369125837790798,22942.35415948737,0.0,96838.9006338348,-0.03287224170684777
2009-11-01,0.0629,0.2854246824688408,29230.648066582602,0.0,0.1351,0.28195504831043705,28875.319108600266,0.0,0.0141,0.2075227604690558,21252.628625553105,0.0,0.0048,0.22509750875166634,23052.47745945291,0.0,102411.07326018889,0.057540643170077566
2009-12-01,0.0166,0.29924330960753026,29715.876824487874,0.0,-0.0716,0.26995900830388947,26807.84626042449,0.0,-0.0708,0.19886472514969977,19747.942518863943,0.0,-0.0009,0.23193295693888052,23031.730229739405,0.0,99303.39583351571,-0.03034513092913027
2010-01-01,0.0289,0.2909398545842405,30574.665664715572,0.0,0.0535,0.26874349749530707,28242.0660353572,0.0,0.0971,0.2061624516897436,21665.467737445633,0.0,0.0684,0.2341541962307088,24607.10057745358,0.0,105089.30001497199,0.058264917658571
2010-02-01,0.0086,0.2953761173020052,30837.607789432128,0.0,0.0035,0.271461683364259,28340.913266480948,0.0,-0.0262,0.20208428243811133,21097.832482724556,0.0,-0.0196,0.2310779168956244,24124.80140613549,0.0,104401.15494477312,-0.006548193489735121
2010-03-01,0.0391,0.3083214049805247,32043.358253998926,0.0,-0.0122,0.2693695580822908,27995.15412462988,0.0,-0.0419,0.1944976376764126,20213.833301698396,0.0,-0.0186,0.22781139926077185,23676.080099981373,0.0,103928.42578030858,-0.004528007038950954
2010-04-01,-0.019,0.3049286098047874,31434.534447172948,0.0,0.0237,0.27800122341355005,28658.63927738361,0.0,-0.0048,0.19514174681356616,20116.806901850243,0.0,-0.0337,0.22192841996809629,22878.196200612,0.0,103088.1768270188,-0.008084880984014498
2010-05-01,-0.0371,0.28203709395741133,30268.31321918283,0.0,0.0798,0.2883479717744336,30945.59869171882,0.0,0.0986,0.2059285936726183,22100.324062372678,0.0,0.0493,0.22368634059553674,24006.091273302172,0.0,107320.3272465765,0.041053693544888414
2010-06-01,-0.0549,0.2661160986857033,28606.58282344969,0.0,0.0221,0.2942371077097234,31629.496422805805,0.0,0.0532,0.21652829577081215,23276.061302490903,0.0,-0.0009,0.22311849783376125,23984.4857911562,0.0,107496.62633990259,0.0016427371948002367
2010-07-01,0.0396,0.28411598768175345,29739.403503258298,0.0,-0.075,0.2795100511658912,29257.28419109537,0.0,-0.0395,0.2135847697928286,22356.656881042512,0.0,-0.0277,0.22278919135952668,23320.115534741173,0.0,104673.46011013736,-0.02626283564321763
2010-08-01,-0.0493,0.2654695803641784,28273.250910547664,0.0,0.0544,0.289653261804452,30848.880451090958,0.0,0.0783,0.22635259756664003,24107.18311482814,0.0,-0.002,0.21852456026472958,23273.47530367169,0.0,106502.78978013845,0.017476537682773463
2010-09-01,0.0511,0.2800958319249768,29718.01403207665,0.0,0.0128,0.29447603910310494,31243.746120864922,0.0,-0.0607,0.21342124636652463,22643.877099758072,0.0,-0.0335,0.21200688260539371,22493.81388099869,0.0,106099.45113369833,-0.0037871181334570014
2010-10-01,0.0393,0.2870617251676753,30885.931983537263,0.0,0.0419,0.30255457055922985,32552.859083329164,0.0,-0.046,0.20077689960945982,21602.2587531692,0.0,0.0026,0.20960680466363507,22552.297797089286,0.0,107593.3476171249,0.014080152794985645
2010-11-01,0.0112,0.2860476525980168,31231.85442175288,0.0,0.0334,0.3081046209529992,33640.124576712355,0.0,-0.0068,0.19650630575800046,21455.36339364765,0.0,0.0135,0.20934142069098358,22856.753817349992,0.0,109184.09620946288,0.014784822924170937
2010-12-01,0.024,0.29939639222264,31981.418927874947,0.0,-0.0146,0.3103265889596776,33148.97875789236,0.0,-0.0807,0.18464687807676847,19723.915567780285,0.0,-0.039,0.20563014074091387,21965.340418473344,0.0,106819.65367202094,-0.02165555808518027
2011-01-01,0.0354,0.3118619589857676,33113.56115792172,0.0,-0.0506,0.29639842694789525,31471.640432743003,0.0,-0.0187,0.18228521603963027,19355.078346662795,0.0,0.0125,0.20945439802670685,22239.90717370426,0.0,106180.18711103179,-0.005986412977452393
2011-02-01,0.0205,0.31250572482018435,33792.38916165912,0.0,0.0473,0.3048102477336602,32960.24902521175,0.0,0.0017,0.17929644845262208,19387.98197985212,0.0,-0.0111,0.2033875789935335,21993.044204076145,0.0,108133.66437079912,0.018397756803014476
2011-03-01,-0.0215,0.31113830533526193,33065.85279468345,0.0,-0.007,0.30797359790442275,32729.527282035266,0.0,-0.0233,0.17818352612272867,18936.241999721566,0.0,-0.0205,0.2027045706375866,21542.186797892584,0.0,106273.80887433287,-0.017199597436082903
2011-04-01,-0.0012,0.30745026705986483,33026.17377132983,0.0,0.0612,0.3233356468733772,34732.574351695825,0.0,-0.0103,0.17446727518067526,18741.198707124433,0.0,-0.0289,0.19474681088608267,20919.617599433488,0.0,107419.56442958358,0.010781165814857996
2011-05-01,-0.0091,0.30476882867447075,32725.635590010726,0.0,-0.0138,0.31899540561938,34253.26482564242,0.0,0.0344,0.18053787780518796,19385.895942649513,0.0,0.0045,0.19569788790096118,21013.75587863094,0.0,107378.55223693361,-0.0003817944418947894
2011-06-01,-0.0312,0.304568922446075,31704.59575960239,0.0,-0.0355,0.3173712415696744,33037.27392433212,0.0,-0.0397,0.1788365045185108,18616.27587372633,0.0,-0.0131,0.19922333146573978,20738.475676620874,0.0,104096.62123428172,-0.030564120434500075
2011-07-01,-0.0215,0.2900538042604453,31022.94695077094,0.0,0.0843,0.3349262429323247,35822.31611615332,0.0,0.0406,0.18112239129858307,19372.096674199616,0.0,0.0,0.19389756150864684,20738.475676620874,0.0,106955.83541774476,0.027466925915184515
2011-08-01,-0.0393,0.2628317707195289,29803.74513560564,0.0,0.1418,0.36070380258650164,40901.92054142386,0.0,0.1133,0.19019358156672775,21566.955227386432,0.0,0.0185,0.18627084512724174,21122.13747663836,0.0,113394.75838105429,0.060201698562407424
2011-09-01,0.0614,0.25253801049157004,31633.695086931828,0.0,0.0183,0.3325035412493117,41650.42568733192,0.0,0.2905,0.2221895739382631,27832.155720942188,0.0,0.1432,0.19276887432085513,24146.827563292973,0.0,125263.10405849891,0.10466397077686751
2011-10-01,0.0149,0.2698608902504084,32105.037143727113,0.0,-0.0327,0.3386471338245475,40288.45676735616,0.0,-0.1211,0.20561418948321603,24461.68166313609,0.0,-0.0842,0.18587778644182815,22113.664682463703,0.0,118968.84025668306,-0.05024834606426787
2011-11-01,0.0967,0.26630683569150787,35209.594235525525,0.0,0.1218,0.3418356568688823,45195.59080162014,0.0,0.1213,0.2074576367515268,27428.883648874496,0.0,0.1025,0.18439987068808308,24380.31531241623,0.0,132214.3839984364,0.11133624328164582
2011-12-01,0.0202,0.27612579620331473,35920.82803908314,0.0,-0.0935,0.3149376032865253,40969.80306166866,0.0,0.0405,0.21938698441383417,28539.753436653915,0.0,0.0114,0.18954961609632584,24658.250906977777,0.0,130088.63544438349,-0.016078043021991006
2012-01-01,-0.0191,0.2754992779365016,35234.74022353665,0.0,0.0435,0.33427640338647,42751.989494851245,0.0,-0.0632,0.20904822765859085,26736.04101945739,0.0,-0.0603,0.1811760910184376,23171.35837728702,0.0,127894.1291151323,-0.016869316230082254
2012-02-01,0.0046,0.2873881537151051,35396.82002856492,0.0,-0.057,0.3273200712802546,40315.12609364472,0.0,-0.0619,0.2036342612600947,25081.08008035298,0.0,-0.0344,0.18165751374454556,22374.263649108347,0.0,123167.28985167097,-0.03695900113762185
2012-03-01,0.1109,0.2980820468450708,39322.327369732775,0.0,0.0589,0.32360824339351835,42689.68702056039,0.0,0.0291,0.19565926523116278,25810.93951069125,0.0,0.0769,0.18265044453024795,24094.84452372478,0.0,131917.7984247092,0.07104571825503658
2012-04-01,0.0259,0.2940500640868871,40340.775648608855,0.0,0.0316,0.32100466092911234,44038.6811304101,0.0,0.0809,0.20336038899393077,27899.044517106173,0.0,0.0339,0.18158488599006975,24911.65975307905,0.0,137190.16104920418,0.039967030131298875
2012-05-01,0.0028,0.28147455752777345,40453.72982042496,0.0,0.0026,0.3072151155900533,44153.18170134917,0.0,0.1636,0.22587783577844103,32463.32820010474,0.0,0.0698,0.1854324911037322,26650.493603843966,0.0,143720.73332572283,0.04760233697937277
2012-06-01,0.071,0.2885285077958115,43325.94463767513,0.0,0.0549,0.3101801388900007,46577.19137675324,0.0,0.0108,0.21852391115277706,32813.93214466587,0.0,0.0298,0.18276744216141086,27444.678313238517,0.0,150161.74647233274,0.044816172291664236
2012-07-01,-0.0062,0.2879509112557817,43057.32378092154,0.0,-0.0086,0.3088116215466441,46176.62753091316,0.0,0.0167,0.22311179161045963,33361.92481148179,0.0,-0.0186,0.18012567558711465,26934.20729661228,0.0,149530.08341992876,-0.00420655105073886
2012-08-01,0.0247,0.2886836441709814,44120.8396783103,0.0,0.0532,0.318208276810405,48633.22411555774,0.0,-0.0105,0.21599580060791074,33011.62460096123,0.0,0.005,0.17711227841070296,27068.87833309534,0.0,152834.5667279246,0.022099120340324907
2012-09-01,0.0142,0.29097512375196444,44747.35560174231,0.0,0.0372,0.32800771309922616,50442.38005265649,0.0,-0.0369,0.2067410734732459,31793.49565318576,0.0,-0.0099,0.17427608967556352,26800.896437597698,0.0,153784.12774518225,0.006212999045877243
2012-10-01,-0.0189,0.29009670029164447,43901.63058086938,0.0,-0.0286,0.32378431541206387,48999.727983150515,0.0,-0.006,0.20882707383179902,31602.734679266647,0.0,0.0011,0.17729191046449266,26830.377423679056,0.0,151334.4706669656,-0.01592919317574637
2012-11-01,0.0356,0.29026437250702564,45464.52862954833,0.0,0.0297,0.32212573480456935,50455.01990425008,0.0,0.0446,0.21076365770519423,33012.21664596194,0.0,0.0324,0.1768462349832108,27699.681652206258,0.0,156631.4468319666,0.03500178209006877
2012-12-01,-0.0166,0.295713374847129,44709.81745429783,0.0,-0.0461,0.31832833789030757,48129.04348666415,0.0,-0.0517,0.20705632814212102,31305.48504536571,0.0,-0.0235,0.17890195912044243,27048.73913337941,0.0,151193.0851197071,-0.03472075258357121
2013-01-01,0.02,0.3087256026910168,45604.01380338379,0.0,-0.0356,0.3142201350929594,46415.649538538906,0.0,-0.0599,0.1992342817349749,29430.286491148305,0.0,-0.0289,0.17781998048104897,26267.030572424745,0.0,147716.98040549573,-0.02299116200624629
2013-02-01,0.0036,0.31542083382753144,45768.18825307597,0.0,-0.0574,0.3015216646651431,43751.39125502677,0.0,0.0027,0.20337246806046738,29509.748264674407,0.0,-0.0074,0.17968503344685804,26072.6545461888,0.0,145101.98231896595,-0.01770275887952344
2013-03-01,0.0606,0.32257973258654676,48541.74046121237,0.0,0.0338,0.30057311298266254,45230.18827944667,0.0,0.0172,0.19947734991001348,30017.315934826805,0.0,0.0237,0.17736980452077722,26690.576458933476,0.0,150479.82113441933,0.037062476538960665
2013-04-01,0.0106,0.3310660833343443,49056.282910101225,0.0,-0.0823,0.2801232655114342,41507.74378404821,0.0,0.0369,0.21005294936854857,31124.954892821916,0.0,-0.0076,0.1787577017856729,26487.728077845582,0.0,148176.70966481694,-0.015305118335734114
2013-05-01,0.074,0.3463150799461785,52686.44784544872,0.0,-0.0098,0.270162168156864,41100.96789496454,0.0,-0.021,0.20029213977191296,30471.330840072656,0.0,0.0524,0.18323061212504466,27875.685029124692,0.0,152134.4316096106,0.02670947380155897
2013-06-01,0.0202,0.3560908685015144,53750.714091926784,0.0,-0.0785,0.2509134762678391,37874.541915209826,0.0,-0.0005,0.20176731723710709,30456.09517465262,0.0,0.0355,0.1912283379935393,28865.27184765862,0.0,150946.62302944786,-0.007807624924847656
2013-07-01,0.0946,0.36267909275111426,58835.53164502306,0.0,0.117,0.2607854760158427,42305.863319289376,0.0,0.0171,0.19095046214246722,30976.89440213918,0.0,0.043,0.18558496909057587,30106.47853710794,0.0,162224.76790355955,0.07471611254205701
2013-08-01,0.0086,0.35134050905807745,59341.51721717026,0.0,0.0985,0.27515043481493795,46472.99085623938,0.0,0.0246,0.18791515522840677,31738.926004431803,0.0,0.0412,0.1855939008985777,31346.865452836788,0.0,168900.29953067825,0.041149891680456685
2013-09-01,-0.0209,0.36261347400725175,58101.2795073314,0.0,-0.0955,0.2623417646207697,42034.82022946852,0.0,-0.0455,0.18907164406495422,30294.804871230157,0.0,-0.0494,0.18597311730702437,29798.330299466652,0.0,160229.23490749672,-0.051338361431422785
2013-10-01,0.011,0.372279122357213,58740.393581912045,0.0,-0.0353,0.2570001058505315,40550.99107536828,0.0,-0.0209,0.187986663310739,29661.643449421448,0.0,-0.0324,0.18273410848151647,28832.864397763933,0.0,157785.8925044657,-0.01524904243873848
2013-11-01,0.0947,0.38621653545772766,64303.10885411911,0.0,0.0073,0.24533482510554702,40847.01331021847,0.0,0.0333,0.1840859033363514,30649.376176287184,0.0,0.0646,0.18436273610037396,30695.467437859483,0.0,166494.96577848424,0.055195512956090376
2013-12-01,0.0398,0.39711850016173317,66862.37258651305,0.0,-0.0216,0.23736412854045022,39964.71782271775,0.0,-0.0094,0.18032597930948358,30361.272040230084,0.0,0.0158,0.1851913919883331,31180.455823377662,0.0,168368.81827283854,0.011254709627962045
2014-01-01,-0.0168,0.23757229512546363,41385.06341505963,-24770.16,0.0522,0.254244854190602,44289.42107106362,2127.49,0.0837,0.26185627836261616,45615.330187997344,11730.94,0.01943,0.24632657232131808,42910.05738252589,10911.75,174199.8720566465,0.0346326228551348
2014-02-01,0.0058,0.24116792020314198,41625.096782866975,0.0,0.027,0.26353283184499166,45485.23543998234,0.0,-0.0332,0.2555122618255972,44100.901225755835,0.0,-0.0355,0.23978698612626914,41386.75034544622,0.0,172597.98379405137,-0.009195691384171867
2014-03-01,-0.0186,0.2442251430539649,40850.86998270565,0.0,-0.057,0.25643139945548077,42892.57701990334,0.0,-0.0206,0.25822401352957797,43192.42266050527,0.0,-0.0255,0.2411194439609763,40331.38821163734,0.0,167267.2578747516,-0.030885215470770055
2014-04-01,-0.0089,0.2437617004477701,40487.29723985957,0.0,-0.0079,0.2562030373667391,42553.72566144611,0.0,0.0031,0.26085458786337506,43326.31917075283,0.0,-0.015,0.23918067432211582,39726.41738846278,0.0,166093.75946052128,-0.007015709046351626
2014-05-01,0.0194,0.247866723967758,41272.75080631284,0.0,-0.033,0.2471262476616547,41149.45271461838,0.0,0.0254,0.2668086585043013,44426.807677689954,0.0,-0.0016,0.23819836986628598,39662.85512064124,0.0,166511.86631926242,0.002517294208398635
2014-06-01,0.0091,0.24803154820085532,41648.33283865029,0.0,0.0506,0.2574605914398967,43231.615021978076,0.0,-0.0148,0.26066265445981057,43769.290924060144,0.0,-0.01,0.23384520589943744,39266.226569434824,0.0,167915.46535412333,0.008429423475259767
2014-07-01,0.0045,0.24712904633752272,41835.750336424215,0.0,-0.0148,0.25159505083685396,42591.7871196528,0.0,0.024,0.26475593125163643,44819.75390623759,0.0,0.0197,0.23651997157398677,40039.77123285269,0.0,169287.0625951673,0.008168379476847898
2014-08-01,0.0344,0.2508700586082328,43274.90014799721,0.0,0.001,0.247156876121934,42634.37890677245,0.0,0.0412,0.270530592605513,46666.327767174575,0.0,-0.0029,0.23144247266432028,39923.655896277414,0.0,172499.26271822164,0.018974870694850265
2014-09-01,0.0751,0.2533916917802376,46524.845149111796,0.0,0.0254,0.23810070893567659,43717.29213100447,0.0,0.0665,0.27106404920910415,49769.63856369168,0.0,0.092,0.23744355007498164,43596.632238734936,0.0,183608.40808254288,0.06440111794835945
2014-10-01,0.006,0.25779727938308394,46803.99422000647,0.0,-0.046,0.2297190656432831,41706.29669297826,0.0,0.0084,0.2764348138128878,50187.70352762669,0.0,-0.017,0.23604884116074495,42855.48949067644,0.0,181553.4839312879,-0.011191884798277818
2014-11-01,0.0768,0.2607814055471463,50398.540976102966,0.0,0.0462,0.22577455862049417,43633.12760019386,0.0,0.0796,0.28036181156990964,54182.644728425774,0.0,0.0511,0.23308222426244996,45045.405003650005,0.0,193259.7183083726,0.06447815885216035
2014-12-01,0.0467,0.25711919688714474,52752.152839686976,0.0,0.0663,0.22677233304468486,46526.00396008672,0.0,0.0806,0.2853773348402718,58549.76589353689,0.0,0.0509,0.23073113522789856,47338.21611833579,0.0,205166.13881164638,0.06160839210308411
2015-01-01,-0.048,0.23980401075369148,50220.049503382004,0.0,0.0647,0.23653875867790355,49536.236416304324,0.0,0.0789,0.30163772874372674,63169.34242253695,0.0,-0.0178,0.22201950182467822,46495.59587142941,0.0,209421.2242136527,0.020739706009248904
2015-02-01,0.1751,0.25782113464700646,59013.5801714242,0.0,0.0531,0.2279077915418724,52166.61057001008,0.0,0.0435,0.28798201228991727,65917.20881791732,0.0,0.114,0.22628906152120387,51796.09380077236,0.0,228893.49336012395,0.09298135477713343
2015-03-01,0.0913,0.25524719593900863,64401.52004107523,0.0,0.0834,0.22399912054318374,56517.305891548924,0.0,0.1206,0.29276171957262986,73866.82420135815,0.0,0.1106,0.2279919639451778,57524.74177513778,0.0,252310.39190912008,0.10230478029427315
2015-04-01,-0.0773,0.2595974607484841,59423.28254190012,0.0,-0.0846,0.22601442649433334,51735.941813123885,0.0,-0.1183,0.2845208319273192,65128.378898337476,0.0,-0.0853,0.22986728082986338,52617.88130171853,0.0,228905.48455508,-0.09276235979400449
2015-05-01,0.0822,0.2632446878475554,64307.876366844306,0.0,0.0764,0.2279614950281545,55688.56776764655,0.0,0.0434,0.27817400844053064,67954.95054252533,0.0,0.0707,0.23061980868375945,56337.96550975003,0.0,244289.36018676622,0.06720623431800954
2015-06-01,-0.0349,0.2631759576569488,62063.53148164144,0.0,-0.0285,0.22941329451501377,54101.44358626862,0.0,-0.0564,0.2719059812674297,64122.2913319269,0.0,-0.0142,0.23550476656060787,55537.96639951158,0.0,235825.2327993485,-0.03464795757353756
2015-07-01,0.1025,0.26790777183996556,68425.04345850968,0.0,0.0095,0.2138382577255944,54615.40730033817,0.0,0.1278,0.28314660173811296,72317.12016414716,0.0,0.0812,0.23510736869632715,60047.64927115192,0.0,255405.2201941469,0.08302753340842872
2015-08-01,-0.0046,0.2541069274577338,68110.28825860054,0.0,0.1,0.22413601623699023,60076.94803037199,0.0,0.0522,0.28388549778444455,76092.07383671564,0.0,0.0618,0.23787155852083142,63758.593996109106,0.0,268037.9041217973,0.04946133801825825
2015-09-01,0.1043,0.24882513434967096,75214.19132397258,0.0,0.1145,0.2215044173293554,66955.75857984959,0.0,0.1541,0.2905208582191749,87817.86241495353,0.0,0.1338,0.2391495901017988,72289.4938727885,0.0,302277.3061915642,0.12774089613164707
2015-10-01,0.0255,0.26311102214266313,77132.15320273388,0.0,-0.0301,0.22152282474489146,64940.390246596115,0.0,-0.0589,0.28191762085237815,82645.39031871277,0.0,-0.0533,0.2334485322600671,68436.46384936887,0.0,293154.3976174117,-0.03018059373723203
2015-11-01,0.0001,0.2680144193670219,77139.86641805415,0.0,-0.0678,0.21033099205369088,60537.4317878769,0.0,-0.0112,0.2839267886513837,81719.76194714318,0.0,-0.0002,0.23772779992790327,68422.776556599,0.0,287819.8367096733,-0.018197103475487975
2015-12-01,0.0118,0.26529215422094915,78050.1168417872,0.0,0.0266,0.2112399720654455,62147.727473434425,0.0,0.0225,0.28401498741285214,83558.45659095391,0.0,0.0296,0.23945288630075326,70448.09074267432,0.0,294204.3916488498,0.02218247015968089
2016-01-01,-0.0238,0.2484240016733726,76192.52406095267,0.0,0.0835,0.2195509702214564,67337.0627174662,0.0,0.0856,0.29576136132781256,90711.06047513956,0.0,0.0286,0.2362636667773585,72462.9061379148,0.0,306703.5533914732,0.042484619867747764
2016-02-01,-0.0215,0.23992412457746332,74554.38479364218,0.0,0.0882,0.23581075992315337,73276.19164914671,0.0,0.011,0.29512916409151935,91708.8821403661,0.0,-0.0174,0.22913595140786389,71202.05157111508,0.0,310741.5101542701,0.013165666710235113
2016-03-01,-0.0368,0.2522802796962923,71810.78343323615,0.0,-0.101,0.23142816968735583,65875.29629258289,0.0,-0.099,0.2902884990124507,82629.70280846985,0.0,-0.0965,0.22600305160390133,64331.053594502475,0.0,284646.8361287913,-0.08397550109260865
2016-04-01,-0.0329,0.25060258212610126,69448.20865828269,0.0,0.0119,0.24053854019036602,66659.21231846463,0.0,-0.0446,0.2848694789008629,78944.4180632121,0.0,-0.0351,0.22398939878266974,62073.033613335436,0.0,277124.8726532949,-0.02642560014998041
2016-05-01,0.0399,0.25672925527597396,72219.19218374816,0.0,-0.0374,0.22810183002726134,64166.15777775406,0.0,0.0304,0.2891678543124584,81344.32837233375,0.0,0.0242,0.2260010603843063,63575.20102677815,0.0,281304.8793606141,0.015083477232838538
2016-06-01,-0.0932,0.24716859409813918,65488.36347222283,0.0,-0.0145,0.23866669164271506,63235.74848997663,0.0,-0.0332,0.2968199373151421,78643.69667037227,0.0,-0.0942,0.2173447769440037,57586.41709005565,0.0,264954.22572262737,-0.05812431577849131
2016-07-01,0.0497,0.25099671892570596,68743.1351367923,0.0,0.0359,0.2391768852929299,65505.91186076679,0.0,0.033,0.29662172102298295,81238.93866049456,0.0,0.014,0.21320467475838115,58392.62692931643,0.0,273880.6125873701,0.03369029816526692
2016-08-01,-0.0139,0.2535334846254004,67787.60555839089,0.0,-0.0432,0.2344156998629997,62676.05646838166,0.0,-0.0244,0.29642925627653993,79256.7085571785,0.0,-0.0127,0.21562155923506005,57651.040567314114,0.0,267371.41115126514,-0.02376656520011422
2016-09-01,0.0051,0.2542434755137806,68133.32234673869,0.0,0.0116,0.2365923695273309,63403.09872341489,0.0,-0.0106,0.29261608040864545,78416.5874464724,0.0,0.0066,0.21654807455024308,58031.53743505839,0.0,267984.54595168435,0.0022931950644204946
2016-10-01,-0.0367,0.25575232125531233,65632.82941661337,0.0,-0.0466,0.23555053152415736,60448.51432290376,0.0,-0.0624,0.28649958317201535,73523.39238981252,0.0,-0.0174,0.22219756404851487,57021.78868368837,0.0,256626.52481301804,-0.04238311988600296
2016-11-01,0.0979,0.2739702494332657,72058.28341649982,0.0,-0.0248,0.22412939410175653,58949.39116769574,0.0,-0.0275,0.27185331948311875,71501.49909909267,0.0,0.0611,0.23004703698185908,60505.81997226173,0.0,263014.99365554994,0.024894031695229524
2016-12-01,-0.025,0.2794873558353416,70256.82633108733,0.0,-0.0606,0.22029443030934445,55377.05806293338,0.0,-0.0513,0.26984705645048923,67833.47219530922,0.0,-0.0429,0.23037115740482464,57910.1202954517,0.0,251377.47688478164,-0.04424659069440373
2017-01-01,-0.0224,0.2792391707794796,68683.07342127098,0.0,0.0104,0.22748346587688228,55952.97946678789,0.0,-0.0317,0.26704263133815576,65683.15112671792,0.0,-0.0391,0.22623473200548236,55645.83459189954,0.0,245965.03860667633,-0.021531118639503632
2017-02-01,0.0316,0.2836288302811381,70853.45854138314,0.0,0.0256,0.22971563183745108,57385.37574113766,0.0,0.0081,0.26506166044667334,66215.18465084433,0.0,-0.0052,0.2215938774347374,55356.47625202166,0.0,249810.4951853868,0.015634159230490274
2017-03-01,0.0134,0.2841729076575016,71802.89488583767,0.0,0.0143,0.23036069068718681,58205.986614235924,0.0,0.0053,0.2634474467863324,66566.1251294938,0.0,0.0134,0.2220189548689792,56098.25303379875,0.0,252673.25966336613,0.011459744619035428
2017-04-01,0.0189,0.2839690191561313,73159.96959918,0.0,0.0252,0.2316187415505907,59672.77747691467,0.0,0.0235,0.264446954033748,68130.4290700369,0.0,0.0102,0.2199652852595301,56670.455214743495,0.0,257633.63136087504,0.019631565699186115
2017-05-01,0.0354,0.2850428065027629,75749.83252299097,0.0,0.024,0.22993475347526643,61104.92413636062,0.0,0.0407,0.2668056898309089,70903.3375331874,0.0,0.0233,0.2182167501910616,57990.87682124702,0.0,265748.97101378604,0.03149953525106208
2017-06-01,0.0193,0.28695989240185144,77211.8042906847,0.0,-0.0073,0.22544039191127943,60658.858190165185,0.0,0.0203,0.26886363434434213,72342.67528511111,0.0,0.0149,0.21873608134252698,58854.940885883596,0.0,269068.2786518446,0.012490387546548076
2017-07-01,-0.0339,0.290125194222684,74594.32412523049,0.0,-0.0311,0.22858769476071947,58772.36770045105,0.0,-0.0604,0.264373082172122,67973.1776978904,0.0,-0.0524,0.21691402884447453,55770.94198346329,0.0,257110.81150703522,-0.04444027071761025
2017-08-01,0.0097,0.2851510332668075,75317.88906924523,0.0,0.0503,0.2337025023419973,61728.617795783735,0.0,0.0413,0.26797251472404776,70780.46993681327,0.0,0.0096,0.2131739496671474,56306.34302650454,0.0,264133.3198283468,0.02731315840103976
2017-09-01,0.0264,0.2931459689930602,77306.2813406733,0.0,-0.0242,0.2284107343096461,60234.78524512577,0.0,-0.0185,0.263434644863152,69471.03124298222,0.0,0.007,0.21500865183414175,56700.487427690074,0.0,263712.58525647136,-0.0015928871531575295
2017-10-01,0.0564,0.2983814228085338,81666.35560828728,0.0,0.0261,0.22582169296963514,61806.91314002356,0.0,0.031,0.26169234327413027,71624.63321151467,0.0,0.0335,0.21410454094770073,58599.953756517694,0.0,273697.8557163432,0.037864216643891835
2017-11-01,0.0147,0.30358446587553495,82866.85103572911,0.0,-0.0099,0.2241892705656277,61195.02469993733,0.0,-0.0077,0.2603778951056609,71073.123535786,0.0,-0.0132,0.21184836845317642,57826.43436693166,0.0,272961.4336383841,-0.0026906388288344685
2017-12-01,0.0304,0.30311766766045584,85386.00330721527,0.0,0.0429,0.22656005769947446,63820.29125956464,0.0,0.0346,0.2610372233013806,73532.2536101242,0.0,0.0195,0.2092850513386892,58954.04983708682,0.0,281692.5980139909,0.031986805825374276
2018-01-01,0.0144,0.3150769341908992,86615.56175483917,0.0,-0.0087,0.23013600651559438,63265.05472560643,0.0,-0.0708,0.24854656310745177,68326.1700545274,0.0,-0.0383,0.20624049618605472,56696.109728326395,0.0,274902.8962632994,-0.024103230963684386
2018-02-01,-0.0178,0.31052132440093333,85073.80475560304,0.0,0.002,0.23138072800910886,63391.58483505764,0.0,-0.0111,0.24662382436738747,67567.74956692215,0.0,0.0219,0.21147412322257028,57937.75453137674,0.0,273970.8936889596,-0.0033902973995848518
2018-03-01,-0.0061,0.3023363483940366,84554.85454659385,0.0,0.0266,0.23269373259335785,65077.80099167018,0.0,0.0484,0.253290139556095,70838.02864596118,0.0,0.0218,0.21167977945651065,59200.79758016075,0.0,279671.48176438594,0.0208072762718301
2018-04-01,0.0435,0.30520106518369033,88232.99071937069,0.0,0.0332,0.23257997089316304,67238.38398459363,0.0,0.0168,0.2491477956401712,72028.10752721333,0.0,0.0405,0.21307116828297562,61598.42988215727,0.0,289097.91211333487,0.033705368489771015
2018-05-01,0.1012,0.30932154177261595,97162.169380171,0.0,0.0635,0.22765003663096484,71508.02136761532,0.0,0.0971,0.251571351309404,79022.03676810574,0.0,0.0783,0.21145707028701521,66421.58694193017,0.0,314113.81445782224,0.08653089938152303
2018-06-01,0.0418,0.3125123447398682,101223.54806026215,0.0,0.0004,0.22085847324540311,71536.62457616237,0.0,0.0411,0.2539956548378593,82269.84247927488,0.0,0.0369,0.21263352717686926,68872.5435000874,0.0,323902.55861578684,0.031163048893155132
2018-07-01,0.0,0.3231335751072229,101223.54806026215,0.0,-0.0569,0.21537074917263507,67466.19063777874,0.0,-0.0508,0.24928659459716568,78090.53448132772,0.0,-0.0348,0.21220908112297635,66475.77898628436,0.0,313256.052165653,-0.03286947313918176
2018-08-01,0.1471,0.3300749905663496,116113.53197992672,0.0,0.0932,0.20966000699325588,73754.03960521972,0.0,0.1255,0.24984673498268484,87890.89655873436,0.0,0.1135,0.21041826745770975,74020.77990122764,0.0,351779.2480451084,0.12297670105056402
2018-09-01,-0.0289,0.33425572864385555,112757.85090570683,0.0,-0.042,0.20945145928664582,70656.36994180048,0.0,-0.0629,0.24415290825075395,82362.55916518996,0.0,-0.0332,0.2121399038187448,71563.29000850688,0.0,337340.0700212041,-0.04104613363109111
2018-10-01,-0.1426,0.3195411952039144,96678.58136655303,0.0,-0.0596,0.21961425575572113,66445.25029326917,0.0,-0.1077,0.24290547946192453,73492.111543099,0.0,-0.0786,0.2179390695784401,65938.41541383824,0.0,302554.3586167594,-0.1031176385368574
2018-11-01,0.0604,0.3217827535666517,102517.96768109284,0.0,0.0479,0.21854785968609927,69627.97778231677,0.0,0.0578,0.24400968471994305,77739.95559029012,0.0,0.042,0.2156597020273059,68707.82886121944,0.0,318593.7299149192,0.0530131886762093
2018-12-01,-0.085,0.29402408970736005,93803.94042819995,0.0,0.057,0.2306856614510026,73596.77251590883,0.0,0.0615,0.2586581211371536,82520.96285909296,0.0,0.0059,0.21663212770448373,69113.20505150064,0.0,319034.8808547024,0.001384681801179788
2019-01-01,0.0243,0.30746267949795214,96083.3761806052,0.0,-0.0215,0.2304431229560489,72014.44190681679,0.0,-0.0468,0.2517053653955221,78658.98179728742,0.0,-0.0487,0.21038883215047682,65747.39196549256,0.0,312504.191850202,-0.020470141029734767
2019-02-01,0.0409,0.3154473915086645,100013.18626639196,0.0,0.0046,0.22818256106533513,72345.70833958815,0.0,-0.0053,0.24678008834375292,78242.08919376179,0.0,0.0107,0.20958995908224748,66450.88905952332,0.0,317051.8728592652,0.014552384024477671
2019-03-01,0.0659,0.3163092608318957,106604.05524134719,0.0,0.0303,0.22116411131841218,74537.78330227768,0.0,0.1031,0.2560905214987729,86308.84858963863,0.0,0.047,0.20643610635091922,69574.08084532092,0.0,337024.7679785844,0.06299566988580718
2019-04-01,0.051,0.3270137525279108,112040.8620586559,0.0,0.0045,0.21853247765064865,74873.20332713792,0.0,-0.0111,0.2491135067848139,85350.82037029364,0.0,0.0112,0.20534026303662667,70353.3105507885,0.0,342618.19630687597,0.016596490405853537
2019-05-01,-0.0569,0.30589014368493195,105665.73700751837,0.0,0.0267,0.2225365101336877,76872.3178559725,0.0,0.0763,0.265933063759518,91863.08796454706,0.0,0.0097,0.20564028242186244,71035.73766313115,0.0,345436.88049116905,0.008226895753570718
2019-06-01,0.0253,0.3141668015503372,108339.08015380858,0.0,0.0356,0.23085387275950292,79608.97237164513,0.0,-0.0337,0.25741163097036274,88767.30190014181,0.0,-0.0409,0.1975676947197972,68130.37599270909,0.0,344845.73041830456,-0.001711311403761906
2019-07-01,0.0057,0.3167664172920469,108956.61291068529,0.0,-0.0051,0.23026449980897437,79202.96661254973,0.0,-0.0067,0.2563415427310874,88172.56097741086,0.0,-0.0073,0.19662754016789133,67633.02424796231,0.0,343965.1647486082,-0.002553506081192425
2019-08-01,0.0797,0.2991853439099085,117640.45495966691,0.0,0.1837,0.2384331937197421,93752.55157927511,0.0,0.2186,0.2732613745226673,107447.08280707287,0.0,0.0995,0.18912008784768225,74362.51016063456,0.0,393202.5995066494,0.1431465735608055
2019-09-01,0.015,0.30746857542265393,119405.06178406191,0.0,-0.0337,0.2332776189801751,90593.09059105354,0.0,-0.0306,0.26821041754927233,104159.20207317645,0.0,-0.0023,0.19104338804789875,74191.4763872651,0.0,388348.83083555696,-0.012344192732149928
2019-10-01,-0.0215,0.310873826747177,116837.85295570458,0.0,-0.0148,0.2374761889225229,89252.31285030594,0.0,-0.0534,0.2623401339543294,98597.10068246882,0.0,-0.041,0.18930985037597084,71149.62585538723,0.0,375836.8923438665,-0.03221829833958867
2019-11-01,0.0862,0.3210475969696008,126909.27588048633,0.0,0.0164,0.22948811194270505,90716.05078105096,0.0,0.0443,0.2604746600298904,102964.95224270219,0.0,0.05,0.18898963105780386,74707.10714815659,0.0,395297.38605239603,0.05177909381691137
2019-12-01,-0.0134,0.32754536722518407,125208.6915836878,0.0,-0.0057,0.2359600930755107,90198.96929159897,0.0,-0.0745,0.2492888358099275,95294.06330062088,0.0,-0.0421,0.1872057038893778,71561.93793721919,0.0,382263.66211312683,-0.03297194567722639
2020-01-01,0.0539,0.3174341870747129,131957.44006004857,0.0,0.1061,0.24000250966865538,99769.07993343762,0.0,0.1369,0.2606201124672445,108339.82056647589,0.0,0.0569,0.1819431907893871,75633.81220584696,0.0,415700.1527658091,0.08746970734243398
2020-02-01,-0.0315,0.2938288577747585,127800.78069815703,0.0,0.0547,0.2419278429492522,105226.44860579666,0.0,0.1256,0.2803710295691096,121947.30202962525,0.0,0.0574,0.18387226970687978,79975.19302646257,0.0,434949.7243600415,0.04630638566321843
2020-03-01,0.0128,0.26251796621490436,129436.63069109344,0.0,0.1499,0.2454069278463555,120999.89325180558,0.0,0.2296,0.30411502860684064,149946.4025756272,0.0,0.1588,0.18796007733189946,92675.25367906483,0.0,493058.1801975911,0.13359809785612997
2020-04-01,0.1575,0.2807785915686579,149822.90002494067,0.0,0.099,0.24921172519085671,132978.88268373432,0.0,0.0382,0.29174462766524606,155674.35515401617,0.0,0.0264,0.17826505557523945,95121.88037619214,0.0,533598.0182388832,0.08222120566997981
2020-05-01,0.0589,0.28953069027647865,158647.46883640968,0.0,0.0396,0.25229602533171247,138244.8464380102,0.0,-0.0061,0.2823717362985106,154724.74158757666,0.0,0.0127,0.17580154809329834,96329.92825696978,0.0,547946.9851189663,0.02689096733799956
2020-06-01,0.0182,0.2909048903173434,161534.85276923233,0.0,0.0302,0.2564810470112756,142419.8408004381,0.0,0.0019,0.27917011442044937,155018.71859659307,0.0,-0.0002,0.17344394825093157,96310.66227131839,0.0,555284.0744375819,0.013390144517398284
2020-07-01,0.0062,0.2907063116485994,162536.36885640156,0.0,0.0569,0.26922060862747466,150523.52974198305,0.0,-0.0053,0.27579105008637445,154197.11938803113,0.0,-0.0463,0.1642820296375515,91851.47860815635,0.0,559108.4965945721,0.006887325484462581
2020-08-01,0.1189,0.30948426458460243,181861.9431134277,0.0,0.0416,0.2668100048455732,156785.30857924954,0.0,-0.0082,0.2602538184262721,152932.7030090493,0.0,0.0457,0.16345191214355215,96049.09118054909,0.0,587629.0458822757,0.05101075991764925
2020-09-01,0.0042,0.30389540626811684,182625.7632745041,0.0,0.0017,0.26133954465890546,157051.84360383428,0.0,0.0521,0.26774383295070375,160900.49683582076,0.0,0.045,0.167021216122274,100371.3002836738,0.0,600949.4039978329,0.0226679709059614
2020-10-01,-0.0023,0.3011240330757227,182205.72401897275,0.0,0.0221,0.2652893583707665,160522.68934747903,0.0,-0.0096,0.26336097357399574,159355.85206619688,0.0,0.0262,0.17022563497951507,103001.02835110606,0.0,605085.2937837547,0.0068822595686219845
2020-11-01,0.0242,0.326283129904001,186615.1025402319,0.0,-0.1251,0.2455515475702783,140441.3009101094,0.0,-0.0609,0.26165418731716833,149651.0806753655,0.0,-0.0754,0.16651113520855235,95234.75081343266,0.0,571942.2349391395,-0.054774193299862106
2020-12-01,0.0087,0.3301190567723172,188238.65393233192,0.0,0.0389,0.25587648545554786,145904.46751551266,0.0,-0.0414,0.25158171247652866,143455.52593540537,0.0,-0.0275,0.16242274529560638,92615.79516606327,0.0,570214.4425493132,-0.0030209211425173965
2021-01-01,0.0356,0.33300956459858194,194939.95001232292,0.0,0.019,0.2539794807478164,148676.6523983074,0.0,0.0092,0.2473149562236349,144775.3167740111,0.0,0.0473,0.16569599842996668,96996.52227741806,0.0,585388.4414620595,0.026611039252016244
2021-02-01,0.0427,0.3491871414505739,203263.88587784913,0.0,-0.0466,0.2435095176446394,141748.32039654627,0.0,-0.0431,0.237990212783592,138535.5006210512,0.0,0.0161,0.1693131281211947,98558.1662860845,0.0,582105.8731815311,-0.005607504433005062
2021-03-01,0.088,0.36455066921954365,221151.10783509986,0.0,0.0286,0.2403439653112359,145802.3223598875,0.0,-0.0123,0.22555627450385438,136831.5139634123,0.0,0.0436,0.169549090965366,102855.30233615778,0.0,606640.2464945575,0.04214761342113316
2021-04-01,-0.027,0.3713670294346242,215180.02792355217,0.0,-0.0422,0.24101310535455728,139649.46435630025,0.0,-0.0536,0.22349213692217473,129497.34481497339,0.0,-0.0754,0.1641277282886439,95100.01254001148,0.0,579426.8496348372,-0.04485920117725717
2021-05-01,-0.0129,0.36610655047739343,212404.20556333836,0.0,0.056,0.2541836316937014,147469.83436025307,0.0,-0.0197,0.2188085330357102,126946.24712211841,0.0,-0.0184,0.1609012847931951,93350.17230927527,0.0,580170.459354985,0.0012833539222707468
2021-06-01,-0.0333,0.3743370790758833,205331.1455180792,0.0,-0.1202,0.2365348666064364,129743.96027015065,0.0,-0.0139,0.22821744687088916,125181.69428712096,0.0,-0.0545,0.1609106074467912,88262.58791841977,0.0,548519.3879937705,-0.054554779290905575
2021-07-01,0.0488,0.3744095151724623,215351.30541936145,0.0,0.051,0.23707689720388658,136360.90224392834,0.0,0.0622,0.23117799400369565,132967.99567177988,0.0,0.0253,0.15733559361995542,90495.6313927558,0.0,575175.8347278255,0.04859709121960454
2021-08-01,0.0498,0.3815752568737635,226075.80042924566,0.0,0.0198,0.23470968028104755,139060.84810835813,0.0,0.0155,0.22790464575041097,135028.99960469248,0.0,0.0201,0.155810417094778,92314.59358375019,0.0,592480.2417260464,0.030085420759043968
2021-09-01,-0.0051,0.37559970083478594,224922.8138470565,0.0,0.0118,0.23495856358992917,140701.76611603674,0.0,0.0129,0.22839434722442545,136770.873699593,0.0,0.0447,0.16104738835085938,96441.05591694382,0.0,598836.5095796301,0.010728235991577018
2021-10-01,0.1147,0.38806158270972635,250721.46059531387,0.0,0.0583,0.23047163693007855,148904.6790806017,0.0,0.0669,0.22585331939608783,145920.8451500958,0.0,0.0425,0.1556134609641072,100539.80079341393,0.0,646086.7856194254,0.07890346577726848
2021-11-01,-0.0165,0.3842337529093156,246584.55649549118,0.0,-0.0131,0.22898716125341273,146954.02778464582,0.0,0.0179,0.2314472846584898,148532.8282782825,0.0,-0.0085,0.1553318011787819,99685.21248666992,0.0,641756.6250450894,-0.0067021345594996395
2021-12-01,0.0383,0.39363074488058425,256028.7450092685,0.0,0.0259,0.23178579055450896,150760.13710426816,0.0,-0.0274,0.22210431733233357,144463.02878345756,0.0,-0.0051,0.1524791472325732,99176.8179029879,0.0,650428.7287999821,0.013513072427235873
2022-01-01,-0.0873,0.24356833289888755,148411.56863095934,-93421.57,-0.0538,0.25250833741446915,153858.91097605854,11847.04,-0.0743,0.2468249007498278,150395.86739984664,18004.15,-0.0366,0.25709842893681545,156655.75519173854,63430.36,609322.1021986031,-0.06319927884676813
2022-02-01,-0.0683,0.23505438077038177,138275.05849346484,0.0,0.0219,0.26727328536350237,157228.42112643423,0.0,-0.0551,0.2415718084936529,142109.0551061151,0.0,-0.0383,0.2561005253724631,150655.83976789497,0.0,588268.3744939091,-0.03455270640721275
2022-03-01,-0.0429,0.2437255906653595,132343.0584840952,0.0,-0.0625,0.2714577806867987,147401.6448060321,0.0,-0.1274,0.22836888155935892,124004.36148559602,0.0,-0.0757,0.2564477470884828,139251.19269746533,0.0,543000.2574731887,-0.07695147144305492
2022-04-01,-0.0558,0.2337497178084084,124958.31582068269,0.0,0.0135,0.27945508390068335,149391.56701091354,0.0,-0.0638,0.21716584858457205,116092.883222815,0.0,0.0351,0.26962934970633623,144138.90956114637,0.0,534581.6756155576,-0.015503826640536733
2022-05-01,-0.0374,0.23704029013160355,120284.87480898916,0.0,-0.0674,0.2745570774863335,139322.57539437796,0.0,-0.0607,0.21489240634461518,109046.04521119012,0.0,-0.0371,0.2735102260374478,138791.35601642783,0.0,507444.8514309851,-0.050762727984129064
2022-06-01,-0.0013,0.22323217732290612,120128.50447173747,0.0,0.0728,0.2777480275920157,149465.25888308868,0.0,0.0744,0.217714143881726,117159.07097490267,0.0,0.0907,0.2813056512033523,151379.73200711783,0.0,538132.5663368466,0.0604749753974696
2022-07-01,0.0915,0.23911150685875843,131120.26263090144,0.0,-0.0229,0.26632377486828135,146042.50445466596,0.0,0.0226,0.21848034530627322,119806.86597893547,0.0,0.0001,0.2760843729666872,151394.86998031853,0.0,548364.5030448213,0.019013784610036
2022-08-01,-0.0537,0.23566180529089742,124079.10452762204,0.0,-0.0422,0.26567130828337604,139879.51076667907,0.0,-0.0584,0.21425881922985976,112810.14500576563,0.0,-0.0109,0.2844080671958669,149744.66589753306,0.0,526513.4261975997,-0.03984772304897999
2022-09-01,-0.0449,0.22435232092132995,118507.9527343318,0.0,0.0226,0.27079644841302003,143040.78771000603,0.0,-0.0353,0.2060267003341991,108827.9468870621,0.0,0.0541,0.29882453033145084,157845.8523225896,0.0,528222.5396539896,0.0032460966261256274
2022-10-01,0.0596,0.2421341005080462,125571.02671729798,0.0,-0.0353,0.2660839525603495,137991.4479038428,0.0,-0.0795,0.19316602388215362,100176.12510954066,0.0,-0.0189,0.29861592304945067,154862.56571369266,0.0,518601.1654443741,-0.018214622601901764
2022-11-01,0.0485,0.24331775129592734,131661.22151308693,0.0,0.0774,0.2747546535842654,148671.98597160025,0.0,0.0636,0.19690578313911733,106547.32666650745,0.0,-0.0041,0.28502181198069,154227.6291942665,0.0,541108.1633454611,0.0433994356372136
2022-12-01,-0.056,0.23188246883405988,124288.19310835405,0.0,0.0342,0.2868611383796245,153756.56789182898,0.0,-0.0278,0.193257436973493,103585.31098517854,0.0,0.0009,0.28799895581282275,154366.43406054136,0.0,535996.5060459028,-0.009446646060475072
2023-01-01,0.0276,0.23525092168908027,127718.54723814463,0.0,0.0239,0.2899803588378528,157431.34986444368,0.0,0.0419,0.19879322348113942,107925.53551545752,0.0,-0.0294,0.2759754959919274,149828.06089916144,0.0,542903.4935172073,0.01288625465538562
2023-02-01,-0.01,0.23658939216808098,126441.36176576318,0.0,-0.037,0.2836766635453473,151606.38991945927,0.0,-0.0353,0.19481509058681215,104115.76411176188,0.0,0.0163,0.2849188536997596,152270.25829181776,0.0,534433.774088802,-0.015600782698107385
2023-03-01,0.0138,0.23556340424698152,128186.25255813071,0.0,0.0555,0.29406417204460134,160020.54455998924,0.0,0.0243,0.19597922413417557,106645.7771796777,0.0,-0.0194,0.27439319957424146,149316.2152809565,0.0,544168.7895787542,0.018215569378170704
2023-04-01,-0.0086,0.23744437109860908,127083.85078613079,0.0,-0.0125,0.2952462300617085,158020.2877529894,0.0,-0.0221,0.19485413313163188,104288.90550400682,0.0,-0.0234,0.27245526570805045,145822.21584338212,0.0,535215.2598865092,-0.016453589150484116
2023-05-01,0.0143,0.2403851837476819,128901.14985237246,0.0,-0.0019,0.2941289744316592,157720.0492062587,0.0,-0.0212,0.19036319053029974,102077.98070732187,0.0,0.0117,0.2751226512903592,147528.33576874968,0.0,536227.5155347027,0.0018913056559863861
2023-06-01,0.0267,0.25361974829241785,132342.8105534308,0.0,-0.057,0.2850239210527387,148730.00640150195,0.0,-0.0361,0.18855878204356466,98392.96560378755,0.0,-0.0351,0.2727975486112788,142350.09118326657,0.0,521815.87374198687,-0.026875983374976875
2023-07-01,0.0051,0.2590757353265399,133017.75888725332,0.0,-0.0018,0.28915671028406886,148462.29238997924,0.0,-0.0526,0.18155764631182697,93217.49561302832,0.0,-0.0254,0.27020990807756423,138734.3988672116,0.0,513431.94575747254,-0.016066832011821464
2023-08-01,0.015,0.25818986886597517,135013.02527056212,0.0,0.0199,0.2895591427231625,151416.69200853983,0.0,-0.0019,0.1779241971325581,93040.38237136356,0.0,0.034,0.2743267912783042,143451.3684286968,0.0,522921.4680791623,0.018482531911195643
2023-09-01,-0.0213,0.25612931757512253,132137.24783229915,0.0,-0.0199,0.28765914049759284,148403.4998375699,0.0,-0.0558,0.17028230409447848,87848.72903504148,0.0,0.0283,0.28592923783280616,147511.0421552289,0.0,515900.5188601394,-0.013426393153856964
2023-10-01,-0.0193,0.24910208732419997,129586.99894913578,0.0,0.0762,0.30701038423957655,159711.84652519273,0.0,-0.0551,0.15956486384809718,83008.2640652107,0.0,0.0027,0.28432266458812633,147909.32196904803,0.0,520216.4315085872,0.008365784663259435
2023-11-01,0.0585,0.25946833510503964,137167.83838766022,0.0,-0.0024,0.3013877815659138,159328.53809353226,0.0,0.0646,0.1671628873433793,88370.5979238233,0.0,-0.0279,0.2719809959856672,143782.6518861116,0.0,528649.6262911274,0.016210935048869057
2023-12-01,0.0328,0.26371471108812133,141666.94348677548,0.0,0.0019,0.29715550562578524,159631.26231590996,0.0,0.0681,0.17570557510313262,94388.63564243566,0.0,-0.0158,0.26342420818296086,141510.88598631104,0.0,537197.7274314321,0.01616969106793098
2024-01-01,0.0373,0.2684541431376986,146951.1204788322,0.0,0.0094,0.29435977170668814,161131.7961816795,0.0,-0.0019,0.1721040035784773,94209.29723471504,0.0,0.0254,0.265082081577136,145105.26249036336,0.0,547397.47638559,0.0189869547716206
2024-02-01,0.0547,0.27948512591846497,154989.34676902433,0.0,0.0053,0.29210149712162853,161985.7947014424,0.0,-0.0229,0.16599294473120854,92051.90432804007,0.0,0.0029,0.262420432228698,145526.06775158542,0.0,554553.1135500922,0.013072104774304316
2024-03-01,0.0364,0.2780439399011625,160630.95899141682,0.0,0.0977,0.3077831051138093,177811.80684377335,0.0,0.0099,0.16091455601834853,92963.21818088766,0.0,0.0054,0.25325839896667957,146311.90851744398,0.0,577717.8925335219,0.04177197533908927
2024-04-01,-0.0175,0.27057542217960606,157819.91720906703,0.0,0.0496,0.31997124464181936,186631.2724632245,0.0,-0.0442,0.1523367581921489,88854.24393729243,0.0,0.025,0.25711657498642576,149969.70623038008,0.0,583275.139839964,0.009619309663530418
2024-05-01,0.0656,0.27727079702764534,168172.90377798182,0.0,0.0352,0.3185347282552206,193200.69325393002,0.0,0.0424,0.15270761216089196,92621.66388023362,0.0,0.0171,0.2514868625562422,152534.18820691959,0.0,606529.449119065,0.039868507485989246
2024-06-01,0.0938,0.28357228886249936,183947.5221523565,0.0,0.0569,0.3147838370497996,204193.81270007865,0.0,0.0727,0.15316541278373969,99355.25884432661,0.0,0.0567,0.24847846130396123,161182.87667825192,0.0,648679.4703750138,0.06949377530995116
2024-07-01,0.0318,0.2798638737459754,189797.05335680145,0.0,0.0734,0.3231927015426911,219181.63855226443,0.0,0.0539,0.1544001220012864,104710.50729603582,0.0,0.0205,0.2425433027100472,164487.1256501561,0.0,678176.3248552578,0.045472156631057414
2024-08-01,0.026,0.2816089191683344,194731.7767440783,0.0,0.0258,0.32514452342969613,224836.52482691285,0.0,0.0209,0.15459058719511665,106898.95689852297,0.0,0.0033,0.23865597020685272,165029.9331648016,0.0,691497.1916343158,0.019642187865966942
2024-09-01,-0.0152,0.2802122031302339,191771.8537375683,0.0,0.0159,0.33374902276920587,228411.42557166077,0.0,-0.0186,0.15329277970950597,104910.63630021045,0.0,-0.0348,0.23274599439105428,159286.8914906665,0.0,684380.807100106,-0.010291270333854241
2024-10-01,0.0504,0.2768161349946193,201437.15516594175,0.0,0.105,0.3468421930374032,252394.62525668516,0.0,-0.0002,0.14413998571991118,104889.65417295041,0.0,0.0608,0.23220168624806617,168971.534493299,0.0,727692.9690888764,0.06328664033156461
2024-11-01,0.103,0.29081419587198554,222185.18214803375,0.0,0.0078,0.3329315609762091,254363.3033336873,0.0,0.0604,0.1455803915773091,111224.98928499661,0.0,0.043,0.23067385157449627,176237.31047651084,0.0,764010.7852432285,0.04990815865628684
2024-12-01,0.0014,0.28983167922847053,222496.241403041,0.0,0.017,0.33697569946926226,258687.47949035998,0.0,-0.0455,0.13829340808703466,106164.25227252927,0.0,0.0232,0.23489921321523247,180326.0160795659,0.0,767673.9892454962,0.004794701950577185
2025-01-01,-0.0235,0.2503974583499028,187408.41662006953,-30577.74,0.0136,0.2599107642130405,194528.59108342888,-66768.98,-0.0445,0.24501256788251688,183378.12892140172,85754.25,-0.0458,0.24467920955453984,183128.6289591218,11592.48,748443.7655840219,-0.02504998727438268
2025-02-01,-0.0199,0.24320930567533255,183678.98912933015,0.0,0.0154,0.2615419200536636,197524.33138611368,0.0,0.0471,0.25424733186653553,192015.23879359974,0.0,-0.0061,0.24100144240446836,182011.54432247116,0.0,755230.1036315147,0.00906726511670164
2025-03-01,-0.0707,0.22772102888771684,170692.8845978865,0.0,0.0779,0.28404476656051686,212911.47680109195,0.0,-0.0289,0.24876390780165644,186465.9983924647,0.0,-0.0138,0.23947029675010992,179499.78501082107,0.0,749570.1448022642,-0.007494350135190175
2025-04-01,-0.0315,0.22396323816576696,165316.05873305307,0.0,0.0277,0.2964333924090266,218809.1247084822,0.0,-0.0408,0.24230954173130323,178858.18565805216,0.0,-0.0242,0.23729382769390328,175155.8902135592,0.0,738139.2593131466,-0.015249920995896948
2025-05-01,0.0703,0.23651947836161308,176937.7776619867,0.0,0.0082,0.29488892768162595,220603.35953109176,0.0,-0.0277,0.23246386326227836,173903.8139153241,0.0,0.0085,0.23612773069448256,176644.71528037445,0.0,748089.6663887771,0.0134803926902487
2025-06-01,0.0147,0.24379097089981178,179538.76299361791,0.0,-0.029,0.2908645142931609,214205.8621046901,0.0,-0.0112,0.2334946600202774,171956.0911994725,0.0,-0.0334,0.2318498547867499,170744.78179000993,0.0,736445.4980877904,-0.015565204044584724
2025-07-01,0.0401,0.24891420422618074,186738.26738966198,0.0,0.0139,0.28949617514274595,217183.3235879453,0.0,0.0027,0.22982905672961537,172420.37264571106,0.0,0.0183,0.231760563901458,173869.41129676712,0.0,750211.3749200854,0.018692322606409517
2025-08-01,-0.0102,0.2492215172398351,184833.53706228742,0.0,0.0177,0.2980238429977971,221027.46841545193,0.0,-0.0322,0.2249981557539001,166868.43664651917,0.0,-0.0285,0.22775648400846765,168914.13307480927,0.0,741643.5751990678,-0.011420514280965466
2025-09-01,0.0175,0.24538630448904825,188068.12396087745,0.0,0.1001,0.31725870118914895,243152.31800383868,0.0,0.0142,0.22081721655849457,169237.96844689973,0.0,-0.0175,0.2165377777633082,165958.1357460001,0.0,766416.546157616,0.03340279857733375
2025-10-01,0.0341,0.2460931283824289,194481.24698794336,0.0,0.049,0.322756991736249,255066.78158602677,0.0,0.0216,0.21877638620087433,172893.50856535276,0.0,0.0113,0.21237349368044772,167833.46267992991,0.0,790274.9998192529,0.03112987810773382
2025-11-01,-0.0036,0.24218709022457335,193781.11449878677,0.0,0.0488,0.33433829316716646,267514.0405274249,0.0,-0.0058,0.21482854470332527,171890.72621567373,0.0,-0.0053,0.2086460719049349,166943.94532772628,0.0,800129.8265696117,0.012470123378080622
2025-12-01,0.022,0.24212717818512453,198044.2990177601,0.0,0.0466,0.3423012672151745,279980.1948160029,0.0,-0.012,0.20763023071503736,169828.03750108564,0.0,0.0188,0.20794132388466352,170082.49149988755,0.0,817935.0228347363,0.02225288406190362
2026-01-01,-0.0395,0.23383569677648725,190221.54920655856,0.0,0.0742,0.3697120070569924,300754.72527135035,0.0,-0.0528,0.19774348155157842,160861.1171210283,0.0,-0.0496,0.19870881461494175,161646.39992149314,0.0,813483.7915204305,-0.005442035357379638
2026-02-01,-0.0188,0.22390804840239348,186645.38408147526,0.0,0.0674,0.3851164846029272,321025.5937546394,0.0,0.0317,0.19909344510811114,165960.4145337649,0.0,-0.0105,0.1918820218865681,159949.11272231746,0.0,833580.5050921971,0.024704503987971416
2026-03-01,-0.0297,0.2271946236437696,181102.01617425543,0.0,-0.0951,0.3644307466470105,290496.0597885732,0.0,-0.0241,0.20318170184748752,161960.76854350118,0.0,0.0226,0.20519292786173243,163563.96266984183,0.0,797122.8071761716,-0.04373626505575867
2026-04-01,0.05,0.24670649031049638,190157.1169829682,0.0,-0.0603,0.35415833205403036,272979.14738332224,0.0,-0.0608,0.197349442324461,152113.55381605632,0.0,-0.0491,0.20178573531101235,155532.9721027526,0.0,770782.7902850993,-0.03304386307096452
2026-05-01,0.0617,0.25758319743731745,201889.81110081734,0.0,-0.0074,0.3457059641008435,270959.1016926857,0.0,0.0114,0.19628810864135499,153847.64832955936,0.0,0.01,0.200422729820484,157088.30182378012,0.0,783784.8629468426,0.016868659790566953
