data,sp500_retorno,sp500_peso,sp500_saldo,sp500_mov,tbond_20_retorno,tbond_20_peso,tbond_20_saldo,tbond_20_mov,tbond_7_10_retorno,tbond_7_10_peso,tbond_7_10_saldo,tbond_7_10_mov,ouro_retorno,ouro_peso,ouro_saldo,ouro_mov,commodities_retorno,commodities_peso,commodities_saldo,commodities_mov,saldo_total,retorno_total
2006-01-01,-0.0225,0.302528550648386,29325.0,0.0,-0.0595,0.3881031227755254,37620.0,0.0,-0.0535,0.1464671474110984,14197.5,0.0,0.0527,0.08145058958249513,7895.25,0.0,0.0527,0.08145058958249513,7895.25,0.0,96933.0,-0.030669999999999975
2006-02-01,-0.0351,0.3025257618544759,28295.6925,0.0,-0.0283,0.3908346232809132,36555.354,0.0,-0.0396,0.1457827253237692,13635.279,0.0,-0.0472,0.08042844477042084,7522.5942,0.0,-0.0472,0.08042844477042084,7522.5942,0.0,93531.51389999999,-0.03509110519637282
2006-03-01,0.0345,0.3096056852401972,29271.89389125,0.0,-0.027,0.3762027267119132,35568.359442,0.0,0.0061,0.1450986201779422,13718.4542019,0.0,0.0626,0.0845464839349737,7993.508596919999,0.0,0.0626,0.0845464839349737,7993.508596919999,0.0,94545.72472899,0.010843519865126439
2006-04-01,-0.0254,0.3098985169095941,28528.38778641225,0.0,-0.0672,0.3604081806975936,33178.1656874976,0.0,-0.0462,0.1421362209449078,13084.66161777222,0.0,0.08,0.09377854072395235,8632.9892846736,0.0,0.08,0.09377854072395235,8632.9892846736,0.0,92057.19366102928,-0.026320926462766625
2006-05-01,0.0627,0.3050864259963207,30317.1177006203,0.0,0.0902,0.3639934132408925,36170.83623250988,0.0,0.0915,0.1437213246551825,14281.90815579838,0.0,0.0774,0.09359941805380212,9301.182655307337,0.0,0.0774,0.09359941805380212,9301.182655307337,0.0,99372.22739954323,0.07946183722968136
2006-06-01,-0.0589,0.306867282805414,28531.43946805377,0.0,-0.0517,0.368919154362629,34300.80399928912,0.0,-0.0603,0.1443452068939642,13420.70909400373,0.0,-0.101,0.08993417796899643,8361.763207121296,0.0,-0.101,0.08993417796899643,8361.763207121296,0.0,92976.47897558921,-0.06436152827931296
2006-07-01,0.0055,0.3038695900133958,28688.36238512806,0.0,0.018,0.3698567589332114,34918.21847127633,0.0,0.0133,0.1440439383758027,13599.20452495398,0.0,0.0361,0.09176583489927151,8663.622858898374,0.0,0.0214,0.09046387777831863,8540.704939753692,0.0,94410.11318001043,0.015419321318864032
2006-08-01,0.0027,0.3071933532986877,28765.82096356791,0.0,0.0079,0.375841354558424,35194.07239719941,0.0,-0.0048,0.1445303033877535,13533.9283432342,0.0,-0.0351,0.08927233339649349,8359.52969655104,0.0,-0.0882,0.08316265535864137,7787.414764067416,0.0,93640.76616461997,-0.00814898944060749
2006-09-01,0.0444,0.3142844631859872,30043.02341435032,0.0,0.0346,0.3809090339566169,36411.7873021425,0.0,0.0271,0.1454172333506449,13900.69780133585,0.0,-0.025,0.08526400656350386,8150.541454137265,0.0,-0.0901,0.07412526294324707,7085.768693824943,0.0,95591.81866579087,0.02083550339326523
2006-10-01,0.0159,0.3205730685448078,30520.70748663849,0.0,-0.0105,0.3784340742640167,36029.46353547001,0.0,-0.0129,0.1441219705804901,13721.37879969862,0.0,-0.002,0.0854376785737195,8134.240371228991,0.0,-0.0402,0.071433208036966,6800.92079233318,0.0,95206.7109853693,-0.004028667785555884
2006-11-01,0.0294,0.3183915630580528,31418.01628674567,0.0,0.0322,0.3768811712787038,37189.61226131214,0.0,0.0223,0.1421539412709032,14027.36554693189,0.0,0.0831,0.08928291235320945,8810.19574607812,0.0,0.0634,0.07329041203913064,7232.099170567102,0.0,98677.28901163493,0.03645308182948326
2006-12-01,-0.0032,0.3283712746059974,31317.47863462808,0.0,-0.0489,0.370873840044969,35371.04022173398,0.0,-0.0345,0.1420060219791937,13543.42143556274,0.0,-0.0336,0.08927314769946408,8514.173169009895,0.0,-0.0838,0.06947571567037573,6626.049260073579,0.0,95372.16272100827,-0.03349429563510764
2007-01-01,0.0112,0.3327025033598479,31668.23439533592,0.0,-0.0128,0.366847189923624,34918.29090689578,0.0,-0.0069,0.1413037190933538,13449.97182765736,0.0,0.0229,0.0914972150721588,8709.147734580221,0.0,-0.0282,0.06764937255101557,6439.194670939504,0.0,95184.83953540878,-0.001964128528231579
2007-02-01,-0.0226,0.3219318863657609,30952.53229800133,0.0,0.0289,0.3736749240544565,35927.42951410507,0.0,0.0159,0.1421150734630077,13663.82637971711,0.0,0.0253,0.09287405843997991,8929.489172265101,0.0,0.0363,0.06940405767679506,6672.937437494608,0.0,96146.2148015832,0.010100088111371974
2007-03-01,-0.0315,0.3265754859504001,29977.52753061429,0.0,-0.061,0.3675187574546537,33735.85631374466,0.0,-0.0455,0.1420810110801481,13042.12227943999,0.0,-0.0502,0.09239459188732314,8481.228815817392,0.0,-0.0174,0.07143015362747512,6556.828326082203,0.0,91793.56326569854,-0.04527116896767314
2007-04-01,0.041,0.3344247640631625,31206.60615936947,0.0,0.0031,0.362650147162458,33840.43746831727,0.0,0.0,0.139765556174557,13042.12227943999,0.0,0.0202,0.09272481782930732,8652.549637896904,0.0,0.0024,0.07043471477051508,6572.5647140648,0.0,93314.28025908844,0.0165667061969057
2007-05-01,-0.0137,0.34685175298926,30779.07565498611,0.0,-0.0703,0.3545415346960722,31461.45471429457,0.0,-0.0616,0.1379191549359086,12238.72754702648,0.0,-0.0691,0.09076856099173093,8054.658457918228,0.0,-0.056,0.0699189963870282,6204.50109007717,0.0,88738.41746430256,-0.04903711181269288
2007-06-01,-0.0279,0.3447476660300766,29920.339444212,0.0,-0.0242,0.353732066970615,30700.08751020864,0.0,-0.0189,0.1383516557232299,12007.41559638768,0.0,-0.0281,0.09019937540766661,7828.322555250726,0.0,0.0207,0.07296923586841189,6332.934262641767,0.0,86789.09936870082,-0.02196701441499016
2007-07-01,-0.0544,0.3312915667263711,28292.67297844686,0.0,0.0054,0.3614222583411942,30865.86798276377,0.0,-0.005,0.1398972006162462,11947.37851840574,0.0,-0.0019,0.09149116724942898,7813.448742395749,0.0,0.0235,0.07589780706675955,6481.758217813849,0.0,85401.12643982598,-0.0159924799193778
2007-08-01,0.0674,0.3319682869409616,30199.59913719418,0.0,0.0685,0.3625337471471242,32980.17993958309,0.0,0.0735,0.1409840853579611,12825.51083950856,0.0,0.0691,0.091824065267545,8353.358050495295,0.0,0.0202,0.07268981528640808,6612.689733813689,0.0,90971.33770059481,0.06522409589870715
2007-09-01,-0.0354,0.3347081490897755,29130.5333277375,0.0,-0.0705,0.3522250709384662,30655.07725384248,0.0,-0.0717,0.136798354314459,11905.9217123158,0.0,0.0297,0.09883019677753674,8601.452784595005,0.0,0.0192,0.07743822887976252,6739.653376702912,0.0,87032.63845519371,-0.04329604625980288
2007-10-01,-0.0353,0.3322224688609254,28102.22550126837,0.0,-0.0359,0.3493918615930773,29554.55998042954,0.0,-0.0427,0.1347408765630302,11397.53885519992,0.0,0.0165,0.1033635649879721,8743.376755540823,0.0,0.0076,0.08028122799499489,6790.874742365855,0.0,84588.5758348045,-0.02808213865247189
2007-11-01,-0.0238,0.315882072793884,27433.39253433818,0.0,0.0711,0.364502052837461,31655.88919503807,0.0,0.0587,0.1389406914875856,12066.57438600015,0.0,0.0052,0.1011992127601953,8788.842314669637,0.0,0.0164,0.07947597012087419,6902.245088140655,0.0,86846.9435181867,0.026698258731682856
2007-12-01,-0.0114,0.3123851568739249,27120.65185944673,0.0,-0.0169,0.358461468295184,31120.90466764193,0.0,-0.0093,0.1376944461970414,11954.35524421035,0.0,0.0614,0.1074486645403035,9328.477232790352,0.0,0.0567,0.08401026409354626,7293.60238463823,0.0,86817.99138872759,-0.00033336958430840724
2008-01-01,-0.0728,0.291975796915104,25146.268404079,0.0,0.0083,0.3643470739530604,31379.20817638336,0.0,0.0208,0.1416903015461544,12203.00583328992,0.0,0.0961,0.1187228297312752,10224.94389486151,0.0,-0.0168,0.08326399785440611,7171.069864576307,0.0,86124.4961731901,-0.007987920527121717
2008-02-01,-0.083,0.2807296172218827,23059.12812654045,0.0,-0.0576,0.3600166686251313,29571.76578542368,0.0,-0.0412,0.1424426993970388,11700.24199295838,0.0,0.0004,0.1245317146336013,10229.03387241945,0.0,0.057,0.09227930012234599,7579.820846857156,0.0,82139.99062419911,-0.04626448601775779
2008-03-01,0.0368,0.2796754669007618,23907.70404159714,0.0,0.0614,0.3671747788242813,31387.47220464869,0.0,0.0537,0.1442209410707629,12328.54498798025,0.0,-0.0196,0.1173152364099067,10028.54480852003,0.0,0.0332,0.09161357679428721,7831.470898972812,0.0,85483.73694171892,0.040707897482212596
2008-04-01,0.0241,0.2927114452325006,24483.87970899963,0.0,-0.0506,0.3562583362570539,29799.26611109347,0.0,-0.0492,0.1401394679172906,11721.98057457162,0.0,-0.067,0.1118610856388854,9356.632306349187,0.0,0.0577,0.09902966495426949,8283.346769843545,0.0,83645.10547085745,-0.021508552815315163
2008-05-01,-0.0296,0.2960388302422023,23759.15686961324,0.0,-0.0691,0.3456417961652627,27740.13682281691,0.0,-0.0599,0.1373070082586549,11019.83393815478,0.0,-0.0262,0.1135290458296426,9111.488539922839,0.0,0.0414,0.1074833195042374,8626.277326115069,0.0,80256.89349662284,-0.040506996257122174
2008-06-01,-0.11,0.2707113034103042,21145.64961395578,0.0,-0.004,0.3537148519080839,27629.17627552565,0.0,-0.0186,0.1384543043647028,10814.8650269051,0.0,0.0157,0.1184786628231044,9254.538909999628,0.0,0.0743,0.1186408774938046,9267.209731445419,0.0,78111.43955783156,-0.026732332206224285
2008-07-01,-0.0304,0.2740474922732505,20502.82186569153,0.0,-0.0278,0.3590341407727365,26861.08517506603,0.0,-0.0169,0.1421120792430242,10632.0938079504,0.0,-0.0326,0.1196666305165613,8952.840941533641,0.0,-0.1512,0.1051396571944276,7866.007620050871,0.0,74814.84941029247,-0.04220367933557778
2008-08-01,0.0595,0.278850900777338,21722.73976670017,0.0,0.0715,0.369464896490964,28781.65276508325,0.0,0.0591,0.144548377106528,11260.45055200027,0.0,-0.0485,0.1093520964741631,8518.628155869259,0.0,-0.0316,0.0977837291510069,7617.441779257264,0.0,77900.91301891021,0.04124934599137453
2008-09-01,0.0911,0.2605172016011946,23701.68135944656,0.0,0.2134,0.3838636329010425,34923.65746515202,0.0,0.1944,0.1478300799331932,13449.48213930912,0.0,0.2581,0.1177991272742982,10717.28608289911,0.0,0.0748,0.08998995829027139,8187.226424345708,0.0,90979.33347115251,0.16788532952197288
2008-10-01,-0.1089,0.240632463864704,21120.56825940283,0.0,0.0497,0.4176702440999255,36659.36324117008,0.0,0.06,0.1624276820701632,14256.45106766767,0.0,-0.1083,0.1088810271809162,9556.60400012114,0.0,-0.2454,0.07038858278429114,6178.08105981127,0.0,87771.067628173,-0.035263677151435524
2008-11-01,0.0087,0.2108661541785446,21304.31720325963,0.0,0.2417,0.4505477818337868,45519.93133656089,0.0,0.1705,0.1651665523149584,16687.17597470501,0.0,0.2334,0.1166666673241725,11787.11537374942,0.0,-0.0719,0.05675284434853765,5733.87703161084,0.0,101032.4169198858,0.15109021286937319
2008-12-01,0.0228,0.198712375867743,21790.05563549395,0.0,0.1457,0.4755969799909525,52152.18533229781,0.0,0.0597,0.1612621170771584,17683.4003803949,0.0,0.0912,0.1172947215550653,12862.10029583536,0.0,-0.0986,0.04713380550908088,5168.516756294011,0.0,109656.25840031603,0.08535717290885514
2009-01-01,-0.099,0.2723093317691535,26950.39797469997,7317.557847119926,-0.1434,0.1728991887567722,17111.79677987671,-27561.76517576959,-0.0529,0.2113374683846612,20916.02532652309,4168.076826251083,0.0379,0.1671851566934039,16546.28021403784,3196.706316990321,-0.1166,0.1762688543960092,17445.29188791839,12879.42418540826,98969.792183056,-0.09745422991041286
2009-02-01,-0.0874,0.2532181844992671,24594.93319171119,0.0,0.0068,0.177373225749075,17228.15699797987,0.0,0.0149,0.2185504248305997,21227.67410388829,0.0,0.0448,0.177984745667191,17287.55356762674,0.0,-0.0375,0.1728734192538672,16791.09344212145,0.0,97129.41130332754,-0.018595379854132288
2009-03-01,0.0753,0.2648450576699983,26446.93166104704,0.0,0.0279,0.177339821386739,17708.82257822351,0.0,0.0208,0.2169999595000161,21669.20972524916,0.0,-0.0375,0.1666291031795689,16639.27030884074,0.0,0.0359,0.1741860582636776,17393.89369669361,0.0,99858.12797005405,0.028093618916364527
2009-04-01,0.0226,0.2905801118271229,27044.6323165867,0.0,-0.1327,0.1650227569580971,15358.86182209325,0.0,-0.0935,0.2110550200438236,19643.13861593837,0.0,-0.0975,0.1613490054456985,15016.94145372876,0.0,-0.0797,0.1719931057252578,16007.60036906713,0.0,93071.1745774142,-0.06796595861155286
2009-05-01,-0.032,0.2892675593098507,26179.20408245593,0.0,-0.1174,0.1497842843948579,13555.73144417951,0.0,-0.1026,0.1947781511197664,17627.75259394309,0.0,0.0163,0.1686346073378246,15261.71759942454,0.0,0.1168,0.1975353978377004,17877.28809217417,0.0,90501.69381217724,-0.027607696764369694
2009-06-01,-0.0233,0.2924117031128783,25569.22862733471,0.0,-0.0193,0.1520324364486253,13294.10582730684,0.0,-0.0318,0.1951817235458647,17067.1900614557,0.0,-0.0765,0.1611823327098914,14094.19620306856,0.0,-0.0257,0.1991918041827404,17417.8417882053,0.0,87442.56250737111,-0.033801923212121276
2009-07-01,0.034,0.2627965717830705,22019.66471129547,-4418.91768936862,-0.0349,0.1650149210604738,13826.562536409,996.4210024751737,-0.2,0.2142239665391779,17949.77721478921,4296.025165624655,-0.0083,0.1752565989715256,14684.71038876607,707.4960141829742,-0.0303,0.1827079416457522,15309.05668910851,-1581.024492914165,83789.77154036827,-0.041773603863621056
2009-08-01,0.0325,0.2681497921080315,22735.30381441257,0.0,0.0178,0.1659790869825706,14072.67534955708,0.0,0.0036,0.2124694128772404,18014.39641276246,0.0,-0.0054,0.1722624196658763,14605.41295266673,0.0,0.0032,0.1811392883662813,15358.04567051366,0.0,84785.8341999125,0.01188764023618738
2009-09-01,-0.0155,0.2720329207507152,22382.90660528917,0.0,-0.0292,0.1660395005480383,13661.75322935002,0.0,-0.0415,0.2098537887138589,17266.79896163282,0.0,0.0076,0.1788574280712413,14716.414091107,0.0,-0.072,0.1732163619161464,14252.26638223668,0.0,82280.13926961568,-0.029553226124882537
2009-10-01,-0.0494,0.2656009509686025,21277.19101898789,0.0,-0.0585,0.160561750353353,12862.54066543304,0.0,-0.0342,0.208168190301362,16676.27443714497,0.0,0.0061,0.1848240496012262,14806.18421706275,0.0,0.0165,0.1808450587754563,14487.42877754358,0.0,80109.61911617224,-0.026379636358308534
2009-11-01,0.0629,0.2686769244642387,22615.52633408222,0.0,0.0141,0.154964140649908,13043.90248881565,0.0,0.0169,0.2014656222958907,16958.10347513272,0.0,0.1351,0.1996645395286045,16806.49970478793,0.0,0.0181,0.1752287730613581,14749.65123841712,0.0,84173.68324123565,0.05073128757696166
2009-12-01,0.0166,0.2813393338419607,22990.94407122799,0.0,-0.0708,0.1483168162858321,12120.3941926075,0.0,-0.049,0.1973474175592482,16127.15640485122,0.0,-0.0716,0.1909352234640364,15603.15432592511,0.0,0.0087,0.1820612088489225,14877.97320419135,0.0,81719.62219880316,-0.02915473040902017
2010-01-01,0.0289,0.2632658829848295,22544.65993753237,-1110.7224173541,0.0971,0.1681507282704985,14399.51483316677,1102.230364457084,0.0937,0.193907338221442,16605.17097783761,-1033.099982148167,0.0535,0.1761270947643647,15082.56752538251,-1355.355556979601,-0.0183,0.1985489557588653,17002.65388657944,2396.947592024788,85634.5671604987,0.04790703696807941
2010-02-01,0.0086,0.2648950097314297,22738.54401299515,0.0,-0.0262,0.1633536165571574,14022.2475445378,0.0,-0.0194,0.189690842250173,16283.03066086756,0.0,0.0035,0.176320894080543,15135.35651172135,0.0,0.0387,0.2057396373806971,17660.65659199006,0.0,85839.83532211192,0.00239702457102986
2010-03-01,0.0391,0.2772555165546859,23627.62108390326,0.0,-0.0419,0.1576480737150288,13434.71537242167,0.0,-0.0316,0.1850334387451851,15768.48689198415,0.0,-0.0122,0.1754372760551954,14950.70516227835,0.0,-0.0126,0.2046256949299048,17438.13231893099,0.0,85219.66082951843,-0.007224786607130551
2010-04-01,-0.019,0.2736731672099817,23178.6962833091,0.0,-0.0048,0.1578636175434416,13370.22873863404,0.0,-0.0201,0.182437869756794,15451.54030545526,0.0,0.0237,0.1807080892103576,15305.03687462434,0.0,-0.0028,0.2053172562794251,17389.30554843798,0.0,84694.80775046072,-0.006158826190445277
2010-05-01,-0.0371,0.2597503749230782,22318.76665119833,0.0,0.0986,0.1709481571881873,14688.53329226336,0.0,0.0764,0.1935670626339317,16632.03798479205,0.0,0.0798,0.1923373796133607,16526.37881721937,0.0,-0.0938,0.183397025641442,15758.1886879945,0.0,85923.9054334676,0.014512078315688681
2010-06-01,-0.0549,0.2444777043006084,21093.46636204754,0.0,0.0532,0.1793001225753268,15469.96326341177,0.0,0.0265,0.1978771861403495,17072.78699138904,0.0,0.0221,0.195777327502775,16891.61178907991,0.0,-0.0004,0.1825676594809402,15751.8854125193,0.0,86279.71381844758,0.004140970818132583
2010-07-01,0.0396,0.2628053780019209,22425.34879759755,496.5811676129233,-0.0395,0.1661451241830241,14177.26832362328,-681.6313908837292,-0.021,0.1903501616767736,16242.6994521,-471.559012469872,-0.075,0.1815943870998246,15495.56368047289,-129.1772244260301,0.0287,0.1991049490384568,16989.7509840253,785.786460166697,85330.63123781903,-0.01100006639597384
2010-08-01,-0.0493,0.2488228213555472,21319.77910187599,0.0,0.0783,0.1784184137208049,15287.34843336298,0.0,0.0288,0.1950278681683892,16710.48919632048,0.0,0.0544,0.1906866486355313,16338.52234469062,0.0,-0.0567,0.1870442481197273,16026.43210323107,0.0,85682.57117948115,0.0041244267920772515
2010-09-01,0.0511,0.2600981332819154,22409.21981398185,0.0,-0.0607,0.166665989551475,14359.40638345785,0.0,-0.036,0.1869720529008999,16108.91158525294,0.0,0.0128,0.1920644414863874,16547.65543070266,0.0,0.044,0.1941993827793222,16731.59511577324,0.0,86156.78832916854,0.0055345812241562875
2010-10-01,0.0393,0.2658845347854705,23289.90215267134,0.0,-0.046,0.1563904663156611,13698.87368981879,0.0,-0.0001,0.1838857940932894,16107.30069409441,0.0,0.0419,0.1968284717272424,17241.0021932491,0.0,0.0314,0.1970107330783367,17256.96720240852,0.0,87594.04593224217,0.016681884630871613
2010-11-01,0.0112,0.265155939854415,23550.74905678126,0.0,-0.0068,0.1531856937085602,13605.72134872802,0.0,0.002,0.1817134706267931,16139.5152954826,0.0,0.0334,0.2005984623881065,17816.85166650362,0.0,0.026,0.1993464334221252,17705.64834967114,0.0,88818.48571716665,0.013978573222564128
2010-12-01,0.024,0.2751404924858393,24115.96703414401,0.0,-0.0807,0.1427015403707358,12507.73963588567,0.0,-0.0765,0.1700502271287385,14904.84237537818,0.0,-0.0146,0.2003057198591915,17556.72563217267,0.0,0.0485,0.2118020201554949,18564.37229463019,0.0,87649.64697221071,-0.013159858958617932
2011-01-01,0.0354,0.2623013577057489,23182.03468844997,-1787.637578702739,-0.0187,0.1652482304689801,14604.53824731732,2330.693342622713,0.0123,0.1952687151549761,17257.73045128427,2169.558514688943,-0.0506,0.1797042959675043,15882.15653635887,-786.1987788258684,0.0439,0.1974774007027905,17452.93273858143,-1926.415499783026,88379.39266199186,0.00832571168270091
2011-02-01,0.0205,0.2639685746337101,23657.26639956319,0.0,0.0017,0.1632349577356289,14629.36596233776,0.0,-0.0157,0.1895391084633284,16986.78408319911,0.0,0.0473,0.1855958421570488,16633.38254052864,0.0,0.015,0.1976615170102838,17714.72672966015,0.0,89621.52571528885,0.014054555206636676
2011-03-01,-0.0215,0.2616043115403909,23148.63517197258,0.0,-0.0233,0.1614753367387609,14288.50173541529,0.0,-0.0242,0.1873231651471527,16575.70390838569,0.0,-0.007,0.1866591703522032,16516.94886274494,0.0,0.0137,0.2029380162214922,17957.41848585649,0.0,88487.20816437498,-0.01265675340673611
2011-04-01,-0.0012,0.2588480129359446,23120.85680976622,0.0,-0.0103,0.1583183203051895,14141.33016754051,0.0,-0.0136,0.1830484076543649,16350.27433523165,0.0,0.0612,0.1962311625845254,17527.78613314492,0.0,0.0125,0.2035540965199757,18181.8862169297,0.0,89322.13366261299,0.009435550240064483
2011-05-01,-0.0091,0.2585046792645305,22910.45701279735,0.0,0.0344,0.1650492025491583,14627.7919253039,0.0,0.027,0.1894655015354003,16791.7317422829,0.0,-0.0138,0.1950413615389903,17285.90268450752,0.0,-0.0644,0.1919392551119208,17010.97274455943,0.0,88626.8561094511,-0.007783933552103606
2011-06-01,-0.0312,0.2606796999268178,22195.65075399807,0.0,-0.0397,0.1649776194625092,14047.06858586934,0.0,-0.0207,0.1931303696832093,16444.14289521765,0.0,-0.0355,0.1958094400385941,16672.25313920751,0.0,-0.072,0.1854028708888697,15786.18270695115,0.0,85145.29808124372,-0.03928332991872996
2011-07-01,-0.0215,0.2831035354736605,24806.79568787924,3088.351425092125,0.0406,0.1602512719878662,14041.93188995204,-575.447680503592,0.0292,0.1898668624893786,16636.98214786473,-287.3297198932705,0.0843,0.1725103178921998,15116.12422233791,-2961.599856504788,0.0317,0.1942680121568949,17022.63053057103,736.0258318095312,87624.46447860495,0.029116891398931477
2011-08-01,-0.0393,0.2605836180677187,23831.88861734558,0.0,0.1133,0.1709337106784601,15632.88277308361,0.0,0.0633,0.1934278541012749,17690.10311782456,0.0,0.1418,0.1887205268029309,17259.59063706543,0.0,0.0011,0.1863342903496153,17041.35542415466,0.0,91455.82056947384,0.04372473045817471
2011-09-01,0.0614,0.251228609510493,25295.1665784506,0.0,0.2905,0.2003681235386876,20174.23521866439,0.0,0.1664,0.2049318338231571,20633.73627663057,0.0,0.0183,0.1745572074759642,17575.44114572372,0.0,-0.002,0.1689142256516983,17007.27271330635,0.0,100685.85193277562,0.10092338908369691
2011-10-01,0.0149,0.2668325808518146,25672.06456046951,0.0,-0.1211,0.1842954465689926,17731.13533368413,0.0,-0.0974,0.1935758902187747,18624.01036328675,0.0,-0.0327,0.1767036347760953,17000.72422025856,0.0,0.0103,0.1785924475843227,17182.4476222534,0.0,96210.38209995236,-0.04444983825345561
2011-11-01,0.0967,0.2632723367559038,28154.55320346692,0.0,0.1213,0.1859152244180586,19881.92204966002,0.0,0.1065,0.1926997766735709,20607.46746697679,0.0,0.1218,0.1783361745956857,19071.41243028605,0.0,0.1189,0.179776487556781,19225.44064453933,0.0,106940.7957949291,0.11153072527899299
2011-12-01,0.0202,0.2687827855068272,28723.27517817695,0.0,0.0405,0.1935833239778367,20687.13989267125,0.0,0.0279,0.198217950065621,21182.41580930544,0.0,-0.0935,0.1617775142249016,17288.23536805431,0.0,-0.0126,0.1776384262248136,18983.20009241814,0.0,106864.26634062608,-0.0007156245073187684
2012-01-01,-0.0191,0.2616408328013143,27196.25867751076,-978.4019447630126,-0.0632,0.13940720300346,14490.68294806049,-4889.029703393935,-0.052,0.1774826804135029,18448.43878389975,-1632.491403321808,0.0435,0.1949873590424383,20267.96275866379,2227.689152099123,-0.0376,0.2264819247392844,23541.66566832285,5272.233899379629,103945.00883645765,-0.027317433639261646
2012-02-01,0.0046,0.2685068370426167,27321.3614674273,0.0,-0.0619,0.1335952453350082,13593.70967357555,0.0,-0.0469,0.1728029294436625,17583.20700493485,0.0,-0.057,0.1878342572733034,19112.68888141995,0.0,0.0255,0.2372607309054093,24141.97814286508,0.0,101752.94517022272,-0.02108868613098891
2012-03-01,0.1109,0.2799904386240569,30351.30045416499,0.0,0.0291,0.1290510271251113,13989.28662507659,0.0,0.0583,0.1716614521796264,18608.30797332255,0.0,0.0589,0.1866992767965706,20238.42625653559,0.0,0.0444,0.2325978052746347,25213.88197240829,0.0,108401.203281508,0.0653372548594382
2012-04-01,0.0259,0.2760577383608434,31137.39913592787,0.0,0.0809,0.1340598339855584,15121.01991304529,0.0,0.0578,0.1745131026080915,19683.8681741806,0.0,0.0316,0.185099678341828,20877.96052624211,0.0,0.0301,0.2302696467036788,25972.81981977778,0.0,112793.06756917365,0.040514903476305264
2012-05-01,0.0028,0.270072601786549,31224.58385350846,0.0,0.1636,0.1521838851621428,17594.8187708195,0.0,0.0988,0.1870737999053035,21628.63434978964,0.0,0.0026,0.1810504637996671,20932.24322361034,0.0,-0.0669,0.2096192493463376,24235.23817383465,0.0,115615.51837156259,0.02502326484433981
2012-06-01,0.071,0.2772845730338432,33441.52930710756,0.0,0.0108,0.1474652220818006,17784.84281354435,0.0,0.0243,0.1836943714490022,22154.21016448953,0.0,0.0549,0.1830908508019397,22081.42337658654,0.0,0.0374,0.2084649826334144,25141.63608153607,0.0,120603.64174326404,0.04314406441244967
2012-07-01,-0.0062,0.2662728093570226,32311.37393662542,-922.8178887780741,0.0167,0.1326537568163256,16097.11915738055,-1984.730531149982,-0.0063,0.1631629302271963,19799.3120810832,-2215.326559370045,-0.0086,0.1913211623260976,23216.22561776344,1324.702482215544,0.0391,0.246589341273358,29922.8465494067,3798.172497082574,121346.87734225931,0.006162629819897347
2012-08-01,0.0247,0.2637034472137486,33109.46487286007,0.0,-0.0105,0.1268608458975305,15928.09940622806,0.0,0.0022,0.1580404090311286,19842.87056766158,0.0,0.0532,0.1947449082525634,24451.32882062845,0.0,0.0769,0.2566503896050291,32223.91344905607,0.0,125555.67711643424,0.03468403857071656
2012-09-01,0.0142,0.2685101597114956,33579.61927405468,0.0,-0.0369,0.1226648961213425,15340.35253813824,0.0,-0.0146,0.1563514857678324,19553.16465737372,0.0,0.0372,0.2027915848271438,25360.91825275583,0.0,-0.031,0.2496818735721859,31224.97213213533,0.0,125059.0268544578,-0.003955617725798777
2012-10-01,-0.0189,0.2693987508221088,32944.96446977504,0.0,-0.006,0.1246890335501275,15248.31042290941,0.0,-0.0044,0.1591873230381029,19467.13073288128,0.0,-0.0286,0.2014510834197093,24635.59599072702,0.0,-0.0394,0.2452738091699515,29994.7082301292,0.0,122290.70984642195,-0.022136083077454183
2012-11-01,0.0356,0.2683124816288175,34117.80520489904,0.0,0.0446,0.1252655175268837,15928.38506777117,0.0,0.0414,0.1594334006706912,20273.06994522257,0.0,0.0297,0.1994957173045492,25367.27319165161,0.0,0.0492,0.2474928828690584,31470.44787505155,0.0,127156.98128459594,0.03979265018810718
2012-12-01,-0.0166,0.2728044535412782,33551.44963849771,0.0,-0.0517,0.1228167677087977,15104.8875597674,0.0,-0.0352,0.1590365625589554,19559.45788315073,0.0,-0.0461,0.1967509334725069,24197.84189751647,0.0,-0.0285,0.2485912827184618,30573.54011061258,0.0,122987.17708954489,-0.032792569884294576
2013-01-01,0.02,0.2651082687224905,32225.01092941296,-1997.467701854705,-0.0599,0.1281254659076787,15574.18242406109,1374.077629123753,-0.0415,0.1866648950787946,22689.89312569703,3942.152744697054,-0.0356,0.195027116353413,23706.35584588034,369.9571199154525,0.0155,0.2250742539376232,27358.71019044554,-3688.71979188154,121554.15251549697,-0.011651821010612795
2013-02-01,0.0036,0.2721880824942697,32341.02096875885,0.0,0.0027,0.1314291358650451,15616.23271660605,0.0,0.0025,0.1914397910974701,22746.61785851127,0.0,-0.0574,0.188064842531129,22345.61102032681,0.0,-0.0581,0.216878148012086,25769.16912838065,0.0,118818.65169258363,-0.022504379869413227
2013-03-01,0.0606,0.2782309147013719,34300.88683946564,0.0,0.0172,0.1288494765595412,15884.83191933168,0.0,0.0254,0.1891952285593707,23324.38195211746,0.0,0.0338,0.1873824000194669,23100.89267281385,0.0,0.035,0.2163419801602493,26671.09004787397,0.0,123282.0834316026,0.03756507648788254
2013-04-01,0.0106,0.2865156801908898,34664.47623996397,0.0,0.0369,0.1361392175866646,16470.98221715501,0.0,0.0064,0.194019117465088,23473.65799661101,0.0,-0.0823,0.1752238611828335,21199.68920584127,0.0,-0.056,0.208102123574524,25177.50900519303,0.0,120986.31466476429,-0.01862207956691464
2013-05-01,0.074,0.299438699650376,37229.64748172131,0.0,-0.021,0.1296943910092501,16125.09159059476,0.0,0.0182,0.1922351804072209,23900.87857214933,0.0,-0.0098,0.16883847475755,20991.93225162403,0.0,0.036,0.209793254175603,26083.89932937998,0.0,124331.4492254694,0.027648867311761638
2013-06-01,0.0202,0.3049705713941989,37981.68636085208,0.0,-0.0005,0.1294102507790579,16117.02904479946,0.0,0.008,0.1934452578520711,24092.08560072653,0.0,-0.0785,0.1553214534468666,19344.06556987154,0.0,0.0354,0.2168524665278055,27007.26936564003,0.0,124542.13594188963,0.0016945569100392799
2013-07-01,0.0946,0.2721746696339456,36563.72496540513,-5011.028925183564,0.0171,0.1305275434863482,17534.96461248045,1142.334371014913,0.0379,0.196169396310677,26353.23802534553,1348.062380351468,0.117,0.1762674755045076,23679.63008225979,2072.308840713278,0.1019,0.2248609150645216,30207.63344710265,448.3233331038973,134339.19113259355,0.07866458300727341
2013-08-01,0.0086,0.2628636962811294,36878.17300010761,0.0,0.0246,0.1280620525925088,17966.32474194746,0.0,0.0249,0.1925203714470985,27009.43365217663,0.0,0.0985,0.185411295357201,26012.07364536238,0.0,0.0735,0.2311425843220623,32427.89450546469,0.0,140293.89954505878,0.044325921291188175
2013-09-01,-0.0209,0.2721772856167342,36107.41918440536,0.0,-0.0455,0.129267874744778,17148.85696618885,0.0,-0.033,0.1968780877983002,26118.12234165481,0.0,-0.0955,0.1773531787397479,23527.92061223027,0.0,-0.0823,0.2243235731004398,29759.07878766495,0.0,132661.39789214425,-0.05440366029930743
2013-10-01,0.011,0.2812089559363005,36504.60079543381,0.0,-0.0209,0.1293432511484306,16790.44585559551,0.0,-0.0261,0.1959466586697758,25436.43934853761,0.0,-0.0353,0.1748466714706136,22697.38501461855,0.0,-0.0462,0.2186544627748795,28384.20934767483,0.0,129813.08036186031,-0.02147058281867087
2013-11-01,0.0947,0.2915557463287347,39961.58649076139,0.0,0.0333,0.1265807142361089,17349.56770258684,0.0,0.0539,0.1955845774329516,26807.46342942379,0.0,0.0073,0.1668067199056434,22863.07592522526,0.0,0.0598,0.2194722420965614,30081.58506666578,0.0,137063.27861466305,0.05585106086838443
2013-12-01,0.0398,0.2996758180211339,41552.0576330937,0.0,-0.0094,0.1239498902235852,17186.48176618252,0.0,-0.0086,0.1916742628062624,26576.91924393074,0.0,-0.0216,0.161328192273593,22369.2334852404,0.0,0.0296,0.2233718366754254,30971.99998463909,0.0,138656.69211308644,0.01162538584023709
2014-01-01,-0.0168,0.2667821605832077,37834.04202255442,-3019.941042303297,0.0837,0.1438750108909901,20403.81259431115,1778.822304299156,0.0507,0.2114701023555076,29989.89408265463,2065.525033056598,0.0522,0.168923131956707,23956.04285931342,419.1353861434764,-0.0031,0.2089495942135876,29632.44510349079,-1243.541681195926,141816.23666232443,0.022786816136224575
2014-02-01,0.0058,0.2693163806005071,38053.47946628524,0.0,-0.0332,0.1396099475013997,19726.40601618002,0.0,-0.034,0.2050314364830152,28970.23768384437,0.0,0.027,0.1741221099288354,24602.85601651488,0.0,0.0105,0.2119201254862425,29943.58577707744,0.0,141296.56495990194,-0.003664402008212053
2014-03-01,-0.0186,0.2724652391186317,37345.68474821233,0.0,-0.0206,0.1409544345762572,19320.04205224671,0.0,-0.0324,0.204511905154221,28031.60198288782,0.0,-0.057,0.1692652839665431,23200.49322357354,0.0,-0.0259,0.2128031371843471,29168.04690545113,0.0,137065.86891237152,-0.029941959655785277
2014-04-01,-0.0089,0.271761331897514,37013.30815395324,0.0,0.0031,0.1422925155364525,19379.93418260868,0.0,-0.0094,0.2038806460394096,27768.10492424867,0.0,-0.0079,0.1689983353360559,23017.20932710731,0.0,-0.0051,0.2130671711905679,29019.28986623333,0.0,136197.84645415124,-0.00633288553239475
2014-05-01,0.0194,0.275688431630525,37731.36633213994,0.0,0.0254,0.1451983300218085,19872.18451084695,0.0,0.0147,0.2058732462373412,28176.29606663513,0.0,-0.033,0.1626279366792529,22257.64141931276,0.0,-0.0067,0.2106120554310724,28824.86062412956,0.0,136862.34895306433,0.004878950117150227
2014-06-01,0.0091,0.2757990209278643,38074.72176576241,0.0,-0.0148,0.1418162495142491,19578.07618008641,0.0,-0.0136,0.2013227932562887,27793.09844012889,0.0,0.0506,0.1693840527133334,23383.87807512999,0.0,0.0138,0.2116778835882645,29222.64370074255,0.0,138052.41816185025,0.00869537325560632
2014-07-01,0.0045,0.2673183498199729,36803.41744243958,-1442.640571268763,0.024,0.1406909219072405,19369.81405429493,-678.1359541135535,0.0157,0.205019564686251,28226.34745462423,-3.102631014688086,-0.0148,0.1663466348041265,22901.99922663108,-135.7974529869862,-0.0379,0.2206245287824092,30374.7821138684,2259.676609383998,137676.3602918582,-0.0027240223315114775
2014-08-01,0.0344,0.2727389431882626,38069.4550024595,0.0,0.0412,0.1444874428147436,20167.85039333188,0.0,0.0137,0.2049909195056781,28613.04841475258,0.0,0.001,0.1642396333919618,22924.90122585771,0.0,-0.0187,0.2135430610993538,29806.77368833906,0.0,139582.02872474073,0.013841653199160087
2014-09-01,0.0751,0.2776969896665104,40928.47107314421,0.0,0.0665,0.1459372375738026,21509.01244448845,0.0,0.0787,0.2094162887933216,30864.89532499361,0.0,0.0254,0.1594947663461643,23507.1937169945,0.0,0.0258,0.2074547176202014,30575.78844949821,0.0,147385.361009119,0.05590499261023529
2014-10-01,0.006,0.2852970657794574,41174.04189958308,0.0,0.0084,0.1502889709414258,21689.68814902215,0.0,-0.0035,0.2131159303951718,30756.86819135613,0.0,-0.046,0.1553899632135191,22425.86280601275,0.0,-0.0753,0.195908069670426,28273.431579251,0.0,144319.8926252251,-0.020799001765882452
2014-11-01,0.0768,0.2943613678475697,44336.20831747106,0.0,0.0796,0.155467081930125,23416.18732568432,0.0,0.0628,0.2170280761205832,32688.3995137733,0.0,0.0462,0.1557708321548677,23461.93766765054,0.0,-0.0551,0.1773726419468544,26715.56549923427,0.0,150618.29832381348,0.04364197882924081
2014-12-01,0.0467,0.2989261951952918,46406.70924589696,0.0,0.0806,0.1629912716477629,25303.53202413447,0.0,0.0492,0.2209200537991428,34296.66876985094,0.0,0.0663,0.1611485815055101,25017.46413501577,0.0,-0.0934,0.1560138978522924,24220.33168160578,0.0,155244.70585650392,0.030716105441213726
2015-01-01,-0.048,0.2405821287960049,37285.96539041524,-6893.221811678653,0.0789,0.1796284950720575,27839.23263089994,539.2519300612548,0.0247,0.2332078065650103,36143.07616228068,999.2796738144243,0.0647,0.1690588957558442,26201.13209422604,-434.9619703252538,-0.1031,0.1775226738110832,27512.86766336046,5789.652178128228,154982.27394118236,-0.0016904403526915024
2015-02-01,0.1751,0.2545448753754802,43814.73793027696,0.0,0.0435,0.1687694570117899,29050.23925034409,0.0,0.0847,0.2277607544367692,39204.39471322585,0.0,0.0531,0.1603001058246693,27592.41220842944,0.0,0.1801,0.1886248073512915,32467.93512953168,0.0,172129.71923180803,0.1106413324218829
2015-03-01,0.0913,0.2546107095087494,47815.02350331124,0.0,0.1206,0.1733455212210171,32553.69810393559,0.0,0.1183,0.2334561781318894,43842.27460780048,0.0,0.0834,0.1591808407515018,29893.61938661245,0.0,0.0377,0.1794067503868424,33691.97628391502,0.0,187796.59188557477,0.09101782495019406
2015-04-01,-0.0773,0.2533124422233398,44118.92218650528,0.0,-0.1183,0.1647983276533717,28702.59561824001,0.0,-0.0924,0.2284647452930143,39791.24843403971,0.0,-0.0846,0.1571162252636691,27364.61918650504,0.0,0.0148,0.1963082595666052,34190.61753291696,0.0,174168.00295820698,-0.0725710130867111
2015-05-01,0.0822,0.2576043865433716,47745.49759023602,0.0,0.0434,0.1615819462922161,29948.28826807163,0.0,0.0649,0.2286215803128557,42373.70045740889,0.0,0.0764,0.1589219656554215,29455.27609235402,0.0,0.0477,0.193270121196135,35821.50998923711,0.0,185344.27239730768,0.06416947573190313
2015-06-01,-0.0349,0.2571227015266422,46079.17972433678,0.0,-0.0564,0.1576869017015211,28259.20480975239,0.0,-0.0318,0.2289270719603572,41026.21678286328,0.0,-0.0285,0.1596767137012513,28615.80072372193,0.0,-0.0165,0.1965866111102282,35230.4550744147,0.0,179210.85711508908,-0.03309201413610929
2015-07-01,0.1025,0.2054648457431147,38877.06590996073,-11925.22973612057,0.1278,0.2054067755104141,38866.07814095361,6995.34695651487,0.0959,0.2382415149040568,45078.90896817461,118.2779958347382,0.0095,0.1802709680343492,34110.00203259187,5222.351201994581,-0.072,0.1706158958080651,32283.11589083321,-410.7464182236326,189215.17094251403,0.05582426192515877
2015-08-01,-0.0046,0.1941564564923255,38698.23140677491,0.0,0.0522,0.2051775014377664,40894.88741991139,0.0,0.061,0.2399658828095954,47828.72241523326,0.0,0.1,0.188250071730102,37521.00223585106,0.0,0.0647,0.1724500875302107,34371.83348897011,0.0,199314.67696674075,0.05337577306258967
2015-09-01,0.1043,0.1912730172000524,42734.45694250154,0.0,0.1541,0.2112457484977193,47196.78957131974,0.0,0.1504,0.2462709425263444,55022.16226648435,0.0,0.1145,0.1871673202568691,41817.15699185601,0.0,0.0663,0.1640429715190148,36650.68604928884,0.0,223421.25182145048,0.12094731417462223
2015-10-01,0.0255,0.2036637878563549,43824.18559453533,0.0,-0.0589,0.2064182985796242,44416.898665569,0.0,-0.0605,0.2402339600936254,51693.32144936205,0.0,-0.0301,0.1884870100040348,40558.46056640115,0.0,-0.0536,0.1611969434663609,34686.20927704695,0.0,215179.07555291447,-0.03689074428390926
2015-11-01,0.0001,0.2102746122773355,43828.56801309478,0.0,-0.0112,0.2107105344138968,43919.42940051463,0.0,-0.0062,0.2464693896567472,51372.82285637601,0.0,-0.0678,0.1813928317241183,37808.59693999915,0.0,-0.0917,0.1511526319279024,31505.48388634175,0.0,208434.9010963263,-0.031342148112025514
2015-12-01,0.0118,0.2108286483517736,44345.7451156493,0.0,0.0225,0.2134998989368787,44907.6165620262,0.0,0.022,0.2496100078522478,52503.02495921628,0.0,0.0266,0.1845310653579472,38814.30561860312,0.0,-0.0551,0.1415303795011528,29769.53172420432,0.0,210340.22397969922,0.00914109332626789
2016-01-01,-0.0238,0.2186658663599493,47862.7962888456,4572.479906948764,0.0856,0.1962181221224136,42949.30966438693,-5802.398875348714,0.0626,0.2206771338281302,48303.03365517264,-7486.680666490574,0.0835,0.1848088018879209,40451.97444116184,-1603.325696594635,-0.0259,0.1796300758015859,39318.42618403258,10319.92533148516,218885.54023359958,0.04062616313808376
2016-02-01,-0.0215,0.2126845527033347,46833.74616863542,0.0,0.011,0.1971897760110353,43421.75207069518,0.0,-0.0043,0.21841374467828,48095.3306104554,0.0,0.0882,0.1999058466561852,44019.83858687232,0.0,-0.0378,0.1718060799511649,37832.18967427615,0.0,220202.8571109345,0.00601829100236162
2016-03-01,-0.0368,0.2223445996282465,45110.26430962964,0.0,-0.099,0.1928338837422092,39122.99861569636,0.0,-0.0983,0.2137549585716582,43367.55961144763,0.0,-0.101,0.1950560168277207,39573.83488959822,0.0,-0.0561,0.1760105412301655,35709.80383354925,0.0,202884.46125992108,-0.07864746206398543
2016-04-01,-0.0329,0.2173049159535919,43626.13661384282,0.0,-0.0446,0.1861830615264216,37378.11287743631,0.0,-0.0385,0.207700273729681,41697.9085664069,0.0,0.0119,0.1994658396905487,40044.76352478444,0.0,0.0645,0.1893459090997568,38013.08618081318,0.0,200760.00776328365,-0.01047124793808496
2016-05-01,0.0399,0.2218673210563008,45366.81946473515,0.0,0.0304,0.1883554658865815,38514.40750891037,0.0,0.0217,0.2083496006487,42602.75318229793,0.0,-0.0374,0.1885152971646245,38547.0893689575,0.0,0.0377,0.1929123152437932,39446.17952982984,0.0,204477.24905473075,0.01851584552551966
2016-06-01,-0.0932,0.2141913998992252,41138.63189062184,0.0,-0.0332,0.1938706416016771,37235.72917961454,0.0,-0.0674,0.2068641637121069,39731.32761781105,0.0,-0.0145,0.1977882117620874,37988.15657310762,0.0,-0.0881,0.1872855830249035,35970.97111325183,0.0,192064.81637440686,-0.06070324565546925
2016-07-01,0.0497,0.2101942137122443,40800.75132608766,-2382.470569498088,0.033,0.1958423937221261,38014.92279088724,-449.5854516545805,0.0147,0.2110943154464683,40975.46987032186,660.0917365289934,0.0359,0.195754845384554,37997.92880286442,-1354.002591217766,-0.0883,0.1871142317346073,36320.70123979312,3525.966875841434,194109.7740299543,0.010647226775574836
2016-08-01,-0.0139,0.2114757866602732,40233.62088265504,0.0,-0.0244,0.1949384166485507,37087.3586747896,0.0,-0.024,0.2102060879848932,39992.05859343414,0.0,-0.0432,0.1910964508523105,36356.41827858067,0.0,0.0072,0.1922832578539724,36582.21028871964,0.0,190251.66671817907,-0.019875904400258992
2016-09-01,0.0051,0.2100632984148024,40438.81234915658,0.0,-0.0106,0.19061171929341,36694.23267283683,0.0,0.0073,0.2092591140106175,40284.00062116621,0.0,0.0116,0.1910476501013489,36778.15273061221,0.0,0.0473,0.1990182181798213,38312.54883537607,0.0,192507.74720914793,0.011858400664162438
2016-10-01,-0.0367,0.2113320270197147,38954.70793594253,0.0,-0.0624,0.1866468974335302,34404.51255405181,0.0,-0.0336,0.2112004705003459,38930.45820029503,0.0,-0.0466,0.1902262408380199,35064.29081336568,0.0,-0.0349,0.2005943642083892,36975.44088102144,0.0,184329.4103846765,-0.04248315687568749
2016-11-01,0.0979,0.2248961473736716,42768.37384287131,0.0,-0.0275,0.1759398823383957,33458.38845881539,0.0,0.0153,0.2078467220050799,39526.09421075955,0.0,-0.0248,0.1798117344721712,34194.69640119421,0.0,0.0878,0.2115055138106817,40221.88459037513,0.0,190169.43750401557,0.0316825573691768
2016-12-01,-0.025,0.2269923934685349,41699.16449679953,0.0,-0.0513,0.1727897079315574,31741.97313087816,0.0,-0.0465,0.2051580439484424,37688.13082995923,0.0,-0.0606,0.1748611212631459,32122.49779928184,0.0,0.0057,0.2201987333883196,40451.14933254027,0.0,183702.915589459,-0.034004001901830394
2017-01-01,-0.0224,0.2068865767170258,36927.32456773035,-3837.77864434087,-0.0317,0.1857720059089722,33158.57058808584,2422.81800545652,-0.0374,0.2066659965627168,36887.95306726558,609.3583303468258,0.0104,0.2087791330965589,37265.12823193489,4808.556455540518,-0.0543,0.1918962877147261,34251.69777678038,-4002.954147002951,178490.67423179702,-0.028373209760646168
2017-02-01,0.0316,0.210763829544567,38094.22802407063,0.0,0.0081,0.1849423276461732,33427.15500984934,0.0,0.0002,0.2041306934177561,36895.33065787904,0.0,0.0256,0.2114547942168217,38219.11551467243,0.0,-0.0042,0.1887083551746821,34107.8406461179,0.0,180743.66985258934,0.012622483670303497
2017-03-01,0.0134,0.2126621992163023,38604.69067959318,0.0,0.0053,0.1851165814649439,33604.31893140154,0.0,0.0133,0.2059489932250191,37386.03855562883,0.0,0.0143,0.213548871830789,38765.64886653224,0.0,-0.0275,0.1827233542629458,33169.87502834966,0.0,181530.57206150546,0.004353691664874981
2017-04-01,0.0189,0.2135473560636445,39334.31933343749,0.0,0.0235,0.1867263054477071,34394.02042628948,0.0,0.0194,0.2069076929535717,38111.32770360803,0.0,0.0252,0.215763617402368,39742.54321796885,0.0,-0.0168,0.1770550281327085,32612.62112787339,0.0,184194.83180917724,0.014676644916697956
2017-05-01,0.0354,0.2149494716247183,40726.75423784118,0.0,0.0407,0.1889144078857516,35793.85705763946,0.0,0.0304,0.2072604853310256,39269.91206579772,0.0,0.024,0.2147890780251391,40696.3642552001,0.0,0.0114,0.1740865571333654,32984.40500873115,0.0,189471.2926252096,0.02864608504053301
2017-06-01,0.0193,0.2174543011806182,41512.78059463152,0.0,0.0203,0.1913033451670882,36520.47235590954,0.0,0.0077,0.207289529377009,39572.29038870436,0.0,-0.0073,0.2116215114450719,40399.28079613714,0.0,-0.0026,0.1723313128302128,32898.64555570845,0.0,190903.46969109098,0.007558807701356418
2017-07-01,-0.0339,0.2044350509846757,37543.82394491148,-2561.673387562027,-0.0604,0.186904761570842,34324.44401819993,9.808192587333906,-0.0501,0.2066278653745227,37946.52708705737,356.8084468270972,-0.0311,0.2145014575457756,39392.48636296311,249.6231995858325,-0.0123,0.187530864524184,34439.42576393503,1945.433548561788,183646.7071770669,-0.03801273243365633
2017-08-01,0.0097,0.2014081687969813,37907.99903717713,0.0,0.0413,0.1899002776339234,35742.04355615159,0.0,0.0223,0.2061088383754676,38792.73464109875,0.0,0.0503,0.2198229231843948,41373.92842702015,0.0,-0.0012,0.1827597920092329,34398.09845301831,0.0,188214.80411446595,0.024874374322402693
2017-09-01,0.0264,0.2064154953064361,38908.7702117586,0.0,-0.0185,0.1861077571831503,35080.81575036279,0.0,-0.009,0.2039477140559507,38443.60002932886,0.0,-0.0242,0.2141817014878369,40372.67935908627,0.0,0.0376,0.1893473319666261,35691.4669548518,0.0,188497.33230538835,0.001501094413118409
2017-10-01,0.0564,0.2090524680583265,41103.22485170179,0.0,0.031,0.1839533711997101,36168.32103862403,0.0,0.03,0.2013912869625113,39596.90803020872,0.0,0.0261,0.2106961803856577,41426.40629035842,0.0,0.0737,0.1949066933937943,38321.92806942438,0.0,196616.78828031733,0.04307464660441185
2017-11-01,0.0147,0.2129672524657091,41707.4422570218,0.0,-0.0077,0.1832612359088229,35889.82496662663,0.0,-0.0173,0.1986925125926254,38911.88152128612,0.0,-0.0099,0.2094380528270354,41016.28486808387,0.0,-0.0002,0.1956409462058073,38314.2636838105,0.0,195839.69729682893,-0.003952312466728336
2017-12-01,0.0304,0.21156774438227,42975.34850163526,0.0,0.0346,0.1827990199647873,37131.61291047191,0.0,0.0191,0.1952221454066662,39655.09845834268,0.0,0.0429,0.2105857776433439,42775.88348892466,0.0,0.0594,0.1998253126029326,40590.13094662884,0.0,203128.07430600334,0.03721603489882663
2018-01-01,0.0144,0.2047513293071861,40584.27071970979,-3009.922800349021,-0.0708,0.187340624158937,37133.25150753421,2630.556791123709,-0.0602,0.2067307679808637,40976.62018712189,3708.75865597144,-0.0087,0.2133975976464599,42298.06909251492,-105.6642100561003,-0.0036,0.1877796809065534,37220.27803853097,-3223.728436690006,198212.48954541178,-0.024199435638751043
2018-02-01,-0.0178,0.2023114147316976,39861.87070089896,0.0,-0.0111,0.1863708847647783,36721.07241580058,0.0,0.0109,0.2102359790907093,41423.26534716151,0.0,0.002,0.2151052324478456,42382.66523069995,0.0,-0.0155,0.1859764889649691,36643.36372893374,0.0,197032.23742349475,-0.005954479077599384
2018-03-01,-0.0061,0.1954984499265871,39618.71328962348,0.0,0.0484,0.1899701299832384,38498.37232072532,0.0,0.0315,0.2108417026681436,42728.0982055971,0.0,0.0266,0.2147002130194444,43510.04412583656,0.0,0.0452,0.1889895044025866,38299.64376948155,0.0,202654.871711264,0.028536621018438346
2018-04-01,0.0435,0.1959672796412664,41342.1273177221,0.0,0.0168,0.1855532859521036,39145.14497571351,0.0,0.0256,0.207721915670656,43821.93751966039,0.0,0.0332,0.2130907829244119,44954.57759081433,0.0,0.0888,0.197666735811562,41700.65213621151,0.0,210964.43954012185,0.041003543407024834
2018-05-01,0.1012,0.1983361472935904,45525.95060227557,0.0,0.0971,0.1870970633018324,42946.13855285529,0.0,0.0865,0.2074264601328257,47612.53511511102,0.0,0.0635,0.2082832114983296,47809.19326783104,0.0,0.0946,0.1988571177734219,45645.53382829712,0.0,229539.35136637004,0.088047596394631
2018-06-01,0.0418,0.1999135132644924,47428.9353374507,0.0,0.0411,0.188458331986635,44711.22484737763,0.0,0.0368,0.2080726843548835,49364.67640734711,0.0,0.0004,0.2015969113791234,47828.31694513817,0.0,0.0497,0.2019585590148656,47914.11685956349,0.0,237247.2703968771,0.03357994602940373
2018-07-01,0.0,0.2260174647370835,51272.42272999897,3843.487392548268,-0.0508,0.1801897896822531,40876.34147637729,-1563.553148753563,-0.0417,0.2010667672493307,45612.31716918082,-1693.852231979909,-0.0569,0.2094409965633797,47512.02445917868,2405.138748218866,-0.0698,0.1832849817679531,41578.49074273228,-2991.220760033677,226851.59657746804,-0.04381788587922952
2018-08-01,0.1471,0.230883881402898,58814.59611358181,0.0,0.1255,0.1806034381073335,46006.32233166264,0.0,0.1225,0.200991171245606,51199.82602240548,0.0,0.0932,0.2038973843688563,51940.14513877413,0.0,0.125,0.1836241248753063,46775.80208557382,0.0,254736.6916919979,0.12292219025669193
2018-09-01,-0.0289,0.2323986533263939,57114.8542858993,0.0,-0.0629,0.1754235880850631,43112.52465700106,0.0,-0.0467,0.1986015402141257,48808.79414715914,0.0,-0.042,0.2024665123896267,49758.65904294561,0.0,0.0041,0.1911097059847906,46967.58287412467,0.0,245762.41500712975,-0.03522961935816826
2018-10-01,-0.1426,0.2230283584826033,48970.27606473005,0.0,-0.1077,0.1752031396018389,38469.30575144205,0.0,-0.0833,0.2037759118741206,44743.02159470078,0.0,-0.0596,0.2131124510482432,46793.04296398605,0.0,-0.1357,0.1848801389931939,40594.08187810596,0.0,219569.7282529649,-0.10657726794149935
2018-11-01,0.0604,0.2293662817709683,51928.08073903975,0.0,0.0578,0.1797401974320103,40692.83162387541,0.0,0.0534,0.2081833182958453,47132.2989478578,0.0,0.0479,0.216585028062295,49034.42972196099,0.0,-0.0735,0.1661251744388812,37610.41686006517,0.0,226398.05789279912,0.031098684204624583
2018-12-01,-0.085,0.2099479024577659,47514.19387622137,0.0,0.0615,0.1908649067847266,43195.44076874375,0.0,0.0315,0.21482065209234,48616.96636471533,0.0,0.057,0.2290151909086561,51829.39221611276,0.0,-0.0652,0.1553513477565115,35158.21768078892,0.0,226314.21090658213,-0.0003703520560087714
2019-01-01,0.0243,0.1884571096973802,42063.65135274734,-6605.137434666205,-0.0468,0.190900724464736,42609.06648608742,1435.172345320876,-0.0442,0.220980329983643,49322.83834328718,2854.74189189227,-0.0215,0.2255926134352383,50352.30060851817,-362.7596749481672,0.0289,0.1740692224190025,38852.2730441649,2677.98287240119,223200.129834805,-0.013759989084656032
2019-02-01,0.0409,0.1929789666959279,43784.05469307471,0.0,-0.0053,0.1868048451770821,42383.23843371116,0.0,0.0034,0.2181303802087946,49490.53599365436,0.0,0.0046,0.2229494940876881,50583.92119131735,0.0,0.0461,0.1791363138305073,40643.3628315009,0.0,226885.1131432585,0.016509772244222454
2019-03-01,0.0659,0.1929948868613242,46669.42389734834,0.0,0.1031,0.193340298705208,46752.95031622678,0.0,0.0729,0.2195810037021886,53098.39606759176,0.0,0.0303,0.2155209810454877,52116.61400341427,0.0,0.0624,0.1785628296857914,43179.50867218656,0.0,241816.89295676773,0.06581207381412058
2019-04-01,0.051,0.1995442129335909,49049.5645161131,0.0,-0.0111,0.1880898586708513,46233.99256771666,0.0,0.0039,0.2168581947488986,53305.47981225537,0.0,0.0045,0.2129757294357364,52351.13876642963,0.0,0.0391,0.1825320042109229,44867.82746126905,0.0,245808.00312378383,0.01650467888415741
2019-05-01,-0.0569,0.1875923917155972,46258.64429514627,0.0,0.0763,0.2017980934962606,49761.64620063344,0.0,0.0382,0.2244270501500574,55341.74914108353,0.0,0.0267,0.2179676364316786,53748.91417149329,0.0,-0.0755,0.1682148282064061,41480.30648794323,0.0,246591.26029629976,0.0031864591980819146
2019-06-01,0.0253,0.1925763644674488,47428.98799581347,0.0,-0.0337,0.1952386716749561,48084.6787236721,0.0,-0.031,0.2177387794007402,53626.15491770994,0.0,0.0356,0.2260064649795838,55662.37551599846,0.0,0.0001,0.1684397194772712,41484.45451859203,0.0,246286.65167178604,-0.001235277455282513
2019-07-01,0.0057,0.1809882088746401,44341.18584124278,-3358.147386146833,-0.0067,0.1783263408677746,43689.04178881429,-4073.469587409207,-0.0087,0.2212336282953552,54201.10783775652,1041.500467830665,-0.0051,0.2544479029691417,62338.43531919785,6959.937918330987,-0.0118,0.1650039189930883,40425.11654266706,-569.8214126055755,244994.88732967852,-0.005244962864771829
2019-08-01,0.0797,0.1715779445037774,47875.17835278982,0.0,0.2186,0.190802802467091,53239.46632384909,0.0,0.141,0.2216383271364319,61843.46404288019,0.0,0.1837,0.2644530625405537,73790.0058873345,0.0,0.0459,0.1515278633521459,42280.62939197548,0.0,279028.7439988291,0.13891659960786362
2019-09-01,0.015,0.1765534555905635,48593.30602808166,0.0,-0.0306,0.1875152027803397,51610.33865433931,0.0,-0.0156,0.2211898468205371,60878.70600381127,0.0,-0.0337,0.2590653318876194,71303.28268893133,0.0,0.0134,0.1556761629209405,42847.18982582795,0.0,275232.8232009915,-0.01360404932996273
2019-10-01,-0.0215,0.1784400490053756,47548.54994847791,0.0,-0.0534,0.1833404384688438,48854.34657019759,0.0,-0.0407,0.2191668743461119,58400.94266945616,0.0,-0.0148,0.2636264517894286,70247.99410513515,0.0,-0.0334,0.1554261863902402,41416.0936856453,0.0,266467.9269789121,-0.03184538864275921
2019-11-01,0.0862,0.1853988025379879,51647.23495403671,0.0,0.0443,0.1831421617447934,51018.59412325735,0.0,0.0416,0.2183638172557478,60830.42188450554,0.0,0.0164,0.2563057995450883,71400.06120845936,0.0,0.0546,0.1567894189163826,43677.41240088153,0.0,278573.7245711405,0.04543059920748527
2019-12-01,-0.0134,0.187749909289226,50955.16200565262,0.0,-0.0745,0.1739788513385242,47217.70886107467,0.0,-0.0524,0.2123916455263279,57642.90777775745,0.0,-0.0057,0.2615818293359277,70993.08085957114,0.0,0.0209,0.1642977645099943,44590.27032005996,0.0,271399.12982411584,-0.025754743230251953
2020-01-01,0.0539,0.2002920591437318,58273.34585879363,4571.700621036325,0.1369,0.1614529264485444,46973.41603592393,-6708.397168231866,0.0922,0.2114983849913259,61533.73523576124,-1423.848639105447,0.1061,0.2350159210370575,68375.97110671064,-10149.475632061,-0.0564,0.1917407083793406,55785.39989237051,13710.02081836193,290941.86812955997,0.07200737275063873
2020-02-01,-0.0315,0.1864332540038715,56437.73546424162,0.0,0.1256,0.1746586218716955,52873.27709003598,0.0,0.0873,0.2210123115231007,66905.63032184319,0.0,0.0547,0.2382244065157608,72116.13672624771,0.0,-0.025,0.1796714060855714,54390.76489506124,0.0,302723.54449742974,0.04049494987989588
2020-03-01,0.0128,0.1736506317046007,57160.13847818392,0.0,0.2296,0.1975073120668511,65012.98150990823,0.0,0.1993,0.2437662607451189,80239.92244498653,0.0,0.1499,0.251927526516153,82926.34562151224,0.0,-0.1942,0.1331482689672765,43828.07835244035,0.0,329167.4664070313,0.08735337039443936
2020-04-01,0.1575,0.1899072775966628,66162.86028849788,0.0,0.0382,0.1937351591994004,67496.47740358673,0.0,0.0288,0.2369456782891179,82550.83221140213,0.0,0.099,0.2615878424816868,91136.05383804195,0.0,-0.0634,0.1178240424331321,41049.37818489563,0.0,348395.6019264243,0.05841444699646137
2020-05-01,0.0589,0.1925469577616571,70059.8527594904,0.0,-0.0061,0.184370417614085,67084.74889142485,0.0,0.0153,0.2303473831999779,83813.8599442366,0.0,0.0396,0.2603897781506471,94745.04157002842,0.0,0.1731,0.1323454632736329,48155.02554870107,0.0,363858.52871388133,0.044383243364600755
2020-06-01,0.0182,0.1924110816234543,71334.94207971313,0.0,0.0019,0.1812908741618579,67212.20991431856,0.0,-0.0008,0.2258894954529211,83746.8088562812,0.0,0.0302,0.2632726859574072,97606.34182544328,0.0,0.0558,0.1371358628043596,50842.07597431859,0.0,370742.37865007477,0.018919028668987314
2020-07-01,0.0062,0.2181988040602361,81285.19277992839,9507.97405932103,-0.0053,0.1610670976051561,60002.02492275975,-6853.960279012936,-0.0391,0.2083165043134146,77603.75811996723,-2868.550510033383,0.0569,0.2356884939461963,87800.59427428752,-15359.54840102348,-0.0114,0.1767291000749968,65836.56143896018,15574.08513074882,372528.1315359031,0.004816694795805265
2020-08-01,0.1189,0.2306884604348367,90950.00220146187,0.0,-0.0082,0.1509430661587578,59510.00831839311,0.0,0.0347,0.2036668559736704,80296.60852673008,0.0,0.0416,0.2319645310472068,91453.09899609789,0.0,0.0943,0.1827370863855283,72044.94918265413,0.0,394254.6672253371,0.058321865787309246
2020-09-01,0.0042,0.2273906567006145,91331.992210708,0.0,0.0521,0.1558822682226448,62610.47975178139,0.0,0.0479,0.2094916550142494,84142.81607516046,0.0,0.0017,0.2280792548176933,91608.56926439126,0.0,-0.0012,0.1791561652447979,71958.49524363496,0.0,401652.3525456761,0.01876372288095407
2020-10-01,-0.0023,0.2260223116389704,91121.92862862338,0.0,-0.0096,0.1538105313368368,62009.41914616429,0.0,0.0113,0.2110694892490064,85093.62989680978,0.0,0.0221,0.2322511632561235,93633.11864513431,0.0,-0.0092,0.1768465045190629,71296.47708739352,0.0,403154.5734041253,0.0037401022275309614
2020-11-01,0.0242,0.2415386617098247,93327.07930143607,0.0,-0.0609,0.1507122261567551,58233.04552016289,0.0,-0.0727,0.204219068463139,78907.32300331171,0.0,-0.1251,0.2120151454904012,81919.615502628,0.0,0.0379,0.1915148981798801,73998.61356900574,0.0,386385.6768965444,-0.04159421128722163
2020-12-01,0.0087,0.242816926670454,94139.02489135855,0.0,-0.0414,0.1439846486295479,55822.19743562814,0.0,-0.031,0.1972197252023381,76461.19599020905,0.0,0.0389,0.2195183925990282,85106.28854568023,0.0,0.0293,0.1964603068986319,76166.77294657762,0.0,387695.47980945365,0.0033898847478757155
2021-01-01,0.0356,0.2197904257154251,88633.74584847537,-8856.628329015555,0.0092,0.1645622257382663,66362.15588039278,10026.39422835685,0.0358,0.2084494403411161,84060.32545463499,4861.818647976455,0.019,0.2252473074746983,90834.31427361153,4111.006245563374,0.0965,0.1819506007304942,73374.27574304129,-10142.59079288108,403264.817200156,0.040158676594203246
2021-02-01,0.0427,0.2264484159009373,92418.40679620526,0.0,-0.0431,0.155595793031447,63501.94696194785,0.0,-0.0084,0.2042388680169726,83354.21872081606,0.0,-0.0466,0.2121953678067289,86601.43522846123,0.0,0.1209,0.2015215552439141,82245.22568037498,0.0,408121.2333878054,0.012042747049859859
2021-03-01,0.088,0.2385939135374743,100551.2265942713,0.0,-0.0123,0.1488278070774442,62720.87301431589,0.0,0.0182,0.2013875719746111,84871.26550153492,0.0,0.0286,0.2113701217178028,89078.23627599521,0.0,0.0239,0.1998205856926677,84210.88657413595,0.0,421432.48796025326,0.03261593243250638
2021-04-01,-0.027,0.2410443582612657,97836.34347622601,0.0,-0.0536,0.1462458612246245,59359.03422074856,0.0,-0.0667,0.195154559230283,79210.35209258254,0.0,-0.0422,0.2102050765767462,85319.13470514822,0.0,-0.0006,0.2073501447070806,84160.36004219146,0.0,405885.2245368968,-0.036891468663476146
2021-05-01,-0.0129,0.2369987016222102,96574.2546453827,0.0,-0.0197,0.1428007310428644,58189.66124659981,0.0,-0.0148,0.1915097761820514,78038.03888161232,0.0,0.056,0.2211031664637954,90097.00624863652,0.0,0.0051,0.2075876246890786,84589.57787840665,0.0,407488.538900638,0.003950166862000337
2021-06-01,-0.0333,0.2407616426836845,93358.33196569145,0.0,-0.0139,0.1479793113683009,57380.82495527207,0.0,-0.0453,0.1921354419670808,74502.91572027528,0.0,-0.1202,0.204422423320886,79267.34609755041,0.0,-0.0158,0.2147011806600478,83253.06254792782,0.0,387762.48128671705,-0.04840886486559792
2021-07-01,0.0488,0.223296905988611,90776.40897456899,-7137.809591048208,0.0622,0.1702915371843911,69228.25086141922,8278.33859392922,0.0452,0.213224243026475,86681.59105281736,8811.143541985643,0.051,0.2085144244394518,84766.9186736423,1456.937925116814,0.0388,0.1846728893610712,75074.67090480399,-11408.61046998342,406527.84046725184,0.04839395270595914
2021-08-01,0.0498,0.2297218163392187,95297.07414150253,0.0,0.0155,0.1694673198319318,70301.28874977122,0.0,0.0156,0.2122131251314093,88033.82387324132,0.0,0.0198,0.2083838601598641,86445.30366338041,0.0,-0.0042,0.1802138785375761,74759.35728700382,0.0,414836.8477148993,0.020438962404388583
2021-09-01,-0.0051,0.2222108789671659,94811.05906338086,0.0,0.0129,0.1668922528232683,71208.17537464327,0.0,0.0272,0.2119390077086193,90428.34388259347,0.0,0.0118,0.2049945895253016,87465.3582466083,0.0,0.107,0.193963270975645,82758.60851671323,0.0,426671.5450839391,0.028528558719483232
2021-10-01,0.1147,0.2300656431063204,105685.8875379506,0.0,0.0669,0.1653820389463641,75972.0023072069,0.0,0.0373,0.2041943514692114,93801.32110941422,0.0,0.0583,0.2015021315398865,92564.58863238557,0.0,0.1038,0.1988558349382177,91348.95208074807,0.0,459372.75166770536,0.07664257661553919
2021-11-01,-0.0165,0.2322184913606517,103942.0703935745,0.0,0.0179,0.1727683251907518,77331.9011485059,0.0,0.0019,0.2099610653843306,93979.54361952211,0.0,-0.0131,0.2040908152566251,91351.99252130132,0.0,-0.1133,0.1809613028076409,80999.11580999932,0.0,447604.6234929032,-0.02561781936799512
2021-12-01,0.0383,0.2366168449821675,107923.0516896484,0.0,-0.0274,0.1649014196025051,75213.00705703684,0.0,-0.0119,0.2035943272282753,92861.1870504498,0.0,0.0259,0.2054728743359875,93718.00912760303,0.0,0.0666,0.1894145338510647,86393.65692294527,0.0,456108.91184768337,0.018999554312948197
2022-01-01,-0.0873,0.252278899358196,110339.9541269915,11838.5848498494,-0.0743,0.1650752207077512,72199.42819924351,2574.747566544509,-0.057,0.2111326807477082,92343.7131193985,4775.613730824349,-0.0538,0.1992573472750783,87149.7640656084,-1526.216170929591,0.0765,0.1722558519112663,75340.04170126194,-17662.72997628864,437372.90121250384,-0.04107793149509076
2022-02-01,-0.0683,0.2405204099227579,102803.7352601179,0.0,-0.0551,0.1596109372668176,68221.2397054652,0.0,-0.042,0.2069740430601319,88465.27716838376,0.0,0.0219,0.2083615865449393,89058.34389864522,0.0,0.0469,0.1845330232053533,78873.48965705112,0.0,427422.0856896632,-0.022751330718603247
2022-03-01,-0.0429,0.2465327864890414,98393.45501745888,0.0,-0.1274,0.1491568796507535,59529.85376698893,0.0,-0.1142,0.1963437096435627,78362.54251575434,0.0,-0.0625,0.2091964762563777,83492.1974049799,0.0,0.0058,0.1987701479602647,79330.95589706201,0.0,399109.00460224407,-0.06624150233541348
2022-04-01,-0.0558,0.2341800108562838,92903.10022748468,0.0,-0.0638,0.1404827717755142,55731.84909665505,0.0,-0.0097,0.1956117382984329,77602.42585335151,0.0,0.0135,0.2132992160226032,84619.34206994713,0.0,0.0823,0.2164262630471659,85859.89356739022,0.0,396716.6108148286,-0.005994336784758247
2022-05-01,-0.0374,0.233405577689725,89428.52427897675,0.0,-0.0607,0.1366290160715821,52348.92585648809,0.0,-0.0327,0.195916787637893,75064.82652794692,0.0,-0.0674,0.2059682226380225,78915.99841443269,0.0,0.0178,0.2280803959627774,87388.19967288976,0.0,383146.4747507342,-0.034206120172841414
2022-06-01,-0.0013,0.2237683025347353,89312.26719741408,0.0,0.0744,0.1409162988027039,56243.6859402108,0.0,0.0794,0.2030048212731802,81024.9737542659,0.0,0.0728,0.2121149473671033,84661.08309900339,0.0,0.0057,0.2201956300222773,87886.31241102524,0.0,399128.3224019194,0.041712109348213566
2022-07-01,0.0915,0.2358223421020984,96288.59215462377,-1195.747491353701,0.0226,0.1661022924571692,67821.20706541016,10306.41382295059,0.0284,0.2094403357663138,85516.558319139,2190.475310251961,-0.0229,0.1999103621916697,81625.3759545098,-1096.968341526401,-0.0071,0.188724667482749,77058.14629258451,-10204.17330032245,408309.8797862672,0.02300402369116261
2022-08-01,-0.0537,0.2347368768108039,91117.89475592047,0.0,-0.0584,0.1645165561591261,63860.4485727902,0.0,-0.0515,0.2089609789707216,81112.45556570335,0.0,-0.0422,0.2014084430684233,78180.78508922948,0.0,-0.041,0.190377144990925,73898.76229458854,0.0,388170.34627823206,-0.04932413959362758
2022-09-01,-0.0449,0.2279012427576409,87026.70128137963,0.0,-0.0353,0.1613312187828212,61606.1747381707,0.0,0.0019,0.2128168923992169,81266.56923127819,0.0,0.0226,0.2093630261744287,79947.67083224606,0.0,-0.0255,0.1885876198858923,72014.34385607654,0.0,381861.45993915113,-0.016252880725100116
2022-10-01,0.0596,0.2429852662670484,92213.49267774986,0.0,-0.0795,0.1494285233853186,56708.48384648613,0.0,-0.0349,0.2066663218586864,78430.36596510658,0.0,-0.0353,0.2032280092166924,77125.51805186778,0.0,0.0418,0.1976918792722541,75024.54342926054,0.0,379502.40397047094,-0.006177779682338458
2022-11-01,0.0485,0.2450587679194785,96685.84707262073,0.0,0.0636,0.1528740263512923,60315.14341912266,0.0,0.0287,0.2044938825229783,80681.31746830513,0.0,0.0774,0.2106116568275765,83095.03314908234,0.0,-0.0168,0.1869616663786745,73764.13109964895,0.0,394541.4722087798,0.03962838728020035
2022-12-01,-0.056,0.2352221711408405,91271.43963655396,0.0,-0.0278,0.1511211796678464,58638.38243207105,0.0,-0.0157,0.2046651131562746,79414.62078405273,0.0,0.0342,0.2214741034801973,85936.88328278097,0.0,-0.0136,0.1875174325548412,72760.93891669373,0.0,388022.26505215245,-0.01652350289091431
2023-01-01,0.0276,0.215776251485777,84767.61885179434,-9022.91251872851,0.0419,0.1784289912571715,70095.76178495729,9000.431128982455,0.0025,0.218140951404502,85696.59032121745,6083.432985204578,0.0239,0.2080375664511738,81727.47936049094,-6263.295432748506,-0.033,0.1796162394013756,70562.17176973277,202.3438372899254,392849.6220881928,0.012440927933327517
2023-02-01,-0.01,0.2191031980403067,83919.9426632764,0.0,-0.0353,0.1765499409212646,67621.3813939483,0.0,-0.0188,0.2195354304618815,84085.49442317855,0.0,-0.037,0.205483961509706,78703.56262415276,0.0,-0.0266,0.1793274690668412,68685.21800065789,0.0,383015.5991052139,-0.025032537719410608
2023-03-01,0.0138,0.2185380534884425,85078.03787202961,0.0,0.0243,0.1779183803211039,69264.58096182124,0.0,0.0138,0.2189691710299043,85245.87424621842,0.0,0.0555,0.2133841879769375,83071.61034979325,0.0,-0.0297,0.1711902071836116,66645.26702603835,0.0,389305.3704559009,0.01642171067022069
2023-04-01,-0.0086,0.2205953039911293,84346.36674633015,0.0,-0.0221,0.1771477091058452,67733.83372256499,0.0,-0.0169,0.2191800129417683,83805.21897145732,0.0,-0.0125,0.2145456022230598,82033.21522042084,0.0,-0.0331,0.1685313717381973,64439.30868747648,0.0,382357.9433482498,-0.017845700662991626
2023-05-01,0.0143,0.2261874840325452,85552.51979080267,0.0,-0.0212,0.1752812179823818,66297.87644764662,0.0,-0.0052,0.2204157408524669,83369.43183280574,0.0,-0.0019,0.2164709153936387,81877.35211150204,0.0,-0.0512,0.1616446417389673,61140.01608267768,0.0,378237.1962654348,-0.010777197530487559
2023-06-01,0.0267,0.2375878735919122,87836.7720692171,0.0,-0.0361,0.1728540268549889,63904.52310788657,0.0,-0.05,0.2142290442470697,79200.96024116545,0.0,-0.057,0.2088446648288994,77210.34304114642,0.0,0.0067,0.1664843904771297,61549.65419043161,0.0,369702.2526498472,-0.02256505626590477
2023-07-01,0.0051,0.1893434927133225,69850.21339486551,-18434.52621190461,-0.0526,0.20355368513949,75092.45837052327,14549.31317811153,-0.0339,0.2366008798913363,87283.81267818426,10767.76498919431,-0.0018,0.1875769160405006,69198.51020820344,-7872.85421546892,0.0803,0.1829250262153506,67482.39368199094,990.3022600676777,368907.3883337674,-0.0021500120986078786
2023-08-01,0.015,0.1886660116661462,70897.96659578849,0.0,-0.0019,0.1994482670821969,74949.78269961927,0.0,0.0232,0.2376589255051544,89308.79713231814,0.0,0.0199,0.187808059547406,70575.56056134669,0.0,0.0381,0.1864187361990965,70053.47288127479,0.0,375785.5798703474,0.018644764930424662
2023-09-01,-0.0213,0.1861004158004541,69387.8399072982,0.0,-0.0558,0.1898009359956683,70767.58482498053,0.0,-0.0061,0.2380679357783477,88764.013469811,0.0,-0.0199,0.1855191309286318,69171.10690617589,0.0,0.0672,0.200511581496898,74761.06625889645,0.0,372851.6113671621,-0.007807560109670986
2023-10-01,-0.0193,0.1846885173605913,68048.65459708734,0.0,-0.0551,0.181484932774761,66868.2909011241,0.0,-0.0192,0.2362858635824233,87059.74441119064,0.0,0.0762,0.2020403280492989,74441.94525242649,0.0,-0.0365,0.1955003582329256,72032.28734044672,0.0,368450.92250227527,-0.01180278891312947
2023-11-01,0.0585,0.1932999077687264,72029.50089101696,0.0,0.0646,0.1910415910145483,71187.98249333672,0.0,0.0133,0.2367427411494658,88217.63901185949,0.0,-0.0024,0.1992945374198128,74263.28458382067,0.0,-0.0708,0.1796212226474467,66932.4013967431,0.0,372630.8083767769,0.011344484758281093
2023-12-01,0.0328,0.1962425758778738,74392.0685202423,0.0,0.0681,0.2005788796032419,76035.88410113295,0.0,0.0206,0.2375076461427548,90034.92237550378,0.0,0.0019,0.1962750656758694,74404.38482452993,0.0,-0.0406,0.16939583270026,64214.94590003532,0.0,379082.2057214443,0.01731310777219508
2024-01-01,0.0373,0.1939466065167915,75367.66441539876,-1799.228260648597,-0.0019,0.1862760459537471,72386.88406158795,-3504.531859752853,0.0218,0.2493262522119353,96888.19847967442,4890.514796384654,0.0094,0.2021908237706155,78571.36779806172,3467.5817561812,0.0658,0.1682602715469106,65385.95290809328,-3054.336432164382,388600.06766281615,0.025107646303941022
2024-02-01,0.0547,0.2036870646940593,79490.27565892106,0.0,-0.0229,0.1812376166779998,70729.22441657758,0.0,-0.0204,0.2432030985857267,94911.67923068907,0.0,0.0053,0.2023995034635481,78987.79604739146,0.0,0.0115,0.1694727165786659,66137.89136653635,0.0,390256.86672011553,0.004263506867777878
2024-03-01,0.0364,0.2030118031905661,82383.72169290579,0.0,0.0099,0.1760180273023575,71429.44373830169,0.0,0.0099,0.2361989217886069,95851.3048550729,0.0,0.0977,0.2136601562566379,86704.90372122159,0.0,0.0499,0.1711110914618316,69438.17214572652,0.0,405807.5461532285,0.039847292281638635
2024-04-01,-0.0175,0.1988780013574687,80942.00656327994,0.0,-0.0442,0.1677478932863792,68272.26232506876,0.0,-0.0098,0.2332027845904941,94911.96206749318,0.0,0.0496,0.22360435757956,91005.4669457942,0.0,0.0349,0.176566963186098,71861.56435361237,0.0,406993.26225524844,0.0029218680462197444
2024-05-01,0.0656,0.2045872724790861,86251.80219383111,0.0,0.0424,0.1688064866863788,71167.00624765168,0.0,0.032,0.2323330977158528,97949.14485365296,0.0,0.0352,0.223461227408025,94208.85938228614,0.0,0.0021,0.1708119157106572,72012.47363875495,0.0,421589.2863161769,0.03586306068077971
2024-06-01,0.0938,0.208917120525962,94342.22123961247,0.0,0.0727,0.1690537900203096,76340.84760185594,0.0,0.0669,0.2314154220640978,104501.9426443623,0.0,0.0569,0.2204923761536962,99569.34348113822,0.0,0.0668,0.1701212912359343,76822.90687782377,0.0,451577.26184479264,0.07113078178681675
2024-07-01,0.0318,0.1871800649430096,88005.23928585686,-9337.06458917528,0.0539,0.175334490752568,82435.88235981035,1980.263072214366,0.0466,0.2458365754230734,115583.3910620253,6211.657890435657,0.0734,0.2155113520903863,101325.5771404267,-5552.156152227093,-0.0092,0.1761375167909626,82813.43591330019,6697.299778752393,470163.5257614194,0.04115854691331844
2024-08-01,0.026,0.1893767664232748,90293.37550728915,0.0,0.0209,0.1765104013725731,84158.79230113038,0.0,0.0135,0.2456914213963395,117143.7668413626,0.0,0.0258,0.2179980399030667,103939.7770306497,0.0,-0.0188,0.170423370904746,81256.54331813013,0.0,476792.2549985619,0.014098773881720206
2024-09-01,-0.0152,0.1893197183626124,88920.91619957835,0.0,-0.0186,0.1758480145477477,82593.43876432936,0.0,-0.0243,0.2433477924539063,114297.1733071175,0.0,0.0159,0.2248146777226363,105592.419485437,0.0,-0.0366,0.1666697969130973,78282.55383268658,0.0,469686.5015891487,-0.014903248395749746
2024-10-01,0.0504,0.1891847624212957,93402.5303760371,0.0,-0.0002,0.167257727850352,82576.9200765765,0.0,0.022,0.2365995410110218,116811.7111198741,0.0,0.105,0.2363320005178234,116679.6235314079,0.0,0.0761,0.1706259681995071,84239.85617935403,0.0,493710.6412832496,0.05114930834251585
2024-11-01,0.103,0.1988349181092764,103022.9910047689,0.0,0.0604,0.1690000760981731,87564.56604920172,0.0,0.0507,0.2368773950393414,122734.0648736517,0.0,0.0078,0.2269487910640016,117589.7245949529,0.0,0.0354,0.1683388196892074,87221.94708810317,0.0,518133.2936106784,0.04946754289911515
2024-12-01,0.0014,0.1980061083133944,103167.2231921756,0.0,-0.0455,0.160413597703617,83580.37829396305,0.0,-0.0024,0.2349948827356892,122439.503117955,0.0,0.017,0.2295235079094973,119588.749913067,0.0,0.0577,0.1770619033378021,92254.65343508673,0.0,521030.5079522474,0.005591639018946992
2025-01-01,-0.0235,0.1876985494600376,95669.67879168845,-5073.114655471029,-0.0445,0.1732080224522686,88283.87816433357,8422.826704451873,-0.0433,0.2370557304354861,120826.9624444837,3689.089811536222,0.0136,0.1985513080979154,101201.3141499603,-20013.84276192445,-0.0164,0.2034863895542923,103716.7180201587,12975.04090140741,509698.55157062475,-0.021749122572801816
2025-02-01,-0.0199,0.1825383696815398,93765.85218373385,0.0,0.0471,0.1799612597732414,92442.04882587367,0.0,0.0188,0.2396416251924673,123098.50933844,0.0,0.0154,0.2000473365333886,102759.8143878697,0.0,-0.0203,0.1978114088193628,101611.2686443495,0.0,513677.4933802667,0.007806460892189948
2025-03-01,-0.0707,0.1702115716134334,87136.60643434386,0.0,-0.0289,0.1753565352579068,89770.47361480592,0.0,-0.0134,0.2372369568633221,121448.9893133049,0.0,0.0779,0.2163666009917546,110764.8039286848,0.0,0.0118,0.2008283352735831,102810.2816143528,0.0,511931.1549054923,-0.0033996787814910556
2025-04-01,-0.0315,0.1704339818150422,84391.80333166203,0.0,-0.0408,0.1738996106979708,86107.83829132184,0.0,-0.0169,0.2411279335669171,119396.5013939101,0.0,0.0277,0.2298921081293515,113832.9889975094,0.0,-0.1107,0.1846463657907185,91429.18343964397,0.0,495158.3154540473,-0.03276385758264988
2025-05-01,0.0703,0.1801595274495612,90324.54710587786,0.0,-0.0277,0.1669915184191121,83722.65117065223,0.0,-0.0075,0.236359769572999,118501.0276334557,0.0,0.0082,0.2289107952157755,114766.4195072889,0.0,0.0286,0.1875783893425522,94044.05808601779,0.0,501358.70350329246,0.012522031551786883
2025-06-01,0.0147,0.1845842050301528,91652.31794833427,0.0,-0.0112,0.1667256857929212,82784.95747754093,0.0,-0.021,0.2336446767821899,116012.5060531532,0.0,-0.029,0.2244321888241496,111438.1933415775,0.0,0.0064,0.1906132435705863,94645.9400577683,0.0,496533.9148783742,-0.009623426483283515
2025-07-01,0.0401,0.1775142178057481,90182.24497894415,-5145.330919118336,0.0027,0.1788260957718142,90848.71610210631,7840.239239376024,0.0088,0.2759190268041686,140174.6720751945,23141.25596877355,0.0139,0.1946640057166577,98894.82244927957,-14092.3617797459,0.0531,0.1730766539016115,87927.83696555057,-11743.80250928522,508028.2925710751,0.023149229787287506
2025-08-01,-0.0102,0.1781446360993242,89262.38608015892,0.0,-0.0322,0.1754723411347937,87923.38744361849,0.0,-0.0159,0.2753043281472376,137945.8947891989,0.0,0.0177,0.2008619100257764,100645.2608066318,0.0,-0.03,0.1702167845928682,85290.00185658404,0.0,501066.9309761922,-0.013702704547520872
2025-09-01,0.0175,0.1776435920955285,90824.47783656171,0.0,0.0142,0.1744113142903765,89171.89954531786,0.0,-0.0141,0.2660040713751339,136000.8576726711,0.0,0.1001,0.2165569523752059,110719.8514133757,0.0,-0.0086,0.1653840698637551,84556.50784061741,0.0,511273.59430854383,0.02036986019505771
2025-10-01,0.0341,0.178685827989196,93921.59253078846,0.0,0.0216,0.1733139671783861,91098.01257549673,0.0,0.0152,0.2626745018774466,138068.0707092958,0.0,0.049,0.2209660964356404,116145.1241326311,0.0,0.0217,0.1643596065193309,86391.38406075882,0.0,525624.184008971,0.02806831774646046
2025-11-01,-0.0036,0.176414352878129,93583.47479767761,0.0,-0.0058,0.1707329759799844,90569.64410255884,0.0,0.0018,0.2607408235363245,138316.5932365725,0.0,0.0488,0.2296298861060798,121813.0061903035,0.0,-0.0023,0.1624819614994823,86192.68387741908,0.0,530475.4022045315,0.009229442524048226
2025-12-01,0.022,0.1772973038894689,95642.31124322652,0.0,-0.012,0.1658791016530631,89482.80837332814,0.0,0.0085,0.2585843607770023,139492.2842790834,0.0,0.0466,0.2363341387451495,127489.4922787716,0.0,0.0133,0.1619050949353164,87339.04657298877,0.0,539445.9427473984,0.016910379832104194
2026-01-01,-0.0395,0.1945383575479444,104446.0403865711,12581.60043745206,-0.0528,0.1833102617306868,98417.76830709421,13659.6522158778,-0.0546,0.277970427893464,149240.031138219,17364.02558077354,0.0742,0.1855124747992234,99600.1183484711,-37349.09425738538,0.047,0.1586684780286815,85187.79778520114,-6256.183976718094,536891.7559655565,-0.004734833612490275
2026-02-01,-0.0188,0.1873102453633194,102482.4548273036,0.0,0.0317,0.1855833270915845,101537.6115624291,0.0,0.011,0.2757709400453931,150881.6714807394,0.0,0.0674,0.1943117512482861,106313.166325158,0.0,0.0085,0.1570237362514169,85911.89406637535,0.0,547126.7982620054,0.019063511746501005
2026-03-01,-0.0297,0.1794609505338666,99438.72591893267,0.0,-0.0241,0.1788325931080269,99090.55512377457,0.0,-0.0042,0.271158374029143,150247.9684605203,0.0,-0.0951,0.1736209202034799,96202.7842076355,0.0,0.2701,0.1969271621254836,109116.6966537033,0.0,554096.7303645664,0.012739153199407438
2026-04-01,0.05,0.1931019559235228,104410.6622148793,0.0,-0.0608,0.172120329114283,93065.84937224908,0.0,-0.0537,0.2629536909193981,142179.6525541903,0.0,-0.0603,0.1671932309783739,90401.75631991508,0.0,0.014,0.2046307930644221,110644.3304068552,0.0,540702.2508680889,-0.024173540038152974
2026-05-01,0.0617,0.2048670151041157,110852.8000735374,0.0,0.0114,0.1739557012163564,94126.80005509272,0.0,0.0063,0.2644175601369091,143075.3843652817,0.0,-0.0074,0.1658351206663482,89732.78332314771,0.0,-0.0663,0.1909246028762706,103308.6113008807,0.0,541096.3791179402,0.0007289191957653429
