data,ouro_retorno,ouro_peso,ouro_saldo,ouro_mov,sp500_retorno,sp500_peso,sp500_saldo,sp500_mov,small_caps_retorno,small_caps_peso,small_caps_saldo,small_caps_mov,emergentes_retorno,emergentes_peso,emergentes_saldo,emergentes_mov,bil_retorno,bil_peso,bil_saldo,bil_mov,saldo_total,retorno_total
2006-01-01,0.0527,0.3575868745541628,36844.5,0.0,-0.0225,0.2371732347274995,24437.5,0.0,0.0337,0.20064734341713858,20674.0,0.0,0.0886,0.15847782096635657,16329.0,0.0,-0.0497,0.04611472633484251,4751.5,0.0,103036.5,0.030364999999999975
2006-02-01,-0.0472,0.3566558130345231,35105.4396,0.0,-0.0351,0.23955981677272503,23579.74375,0.0,-0.0324,0.20323348421612236,20004.1624,0.0,-0.0726,0.15385144220963326,15143.5146,0.0,-0.0326,0.046699443766996244,4596.6011,0.0,98429.46145,-0.04471268482528035
2006-03-01,0.0626,0.35991036373902235,37303.040118959994,0.0,0.0345,0.23535297981372624,24393.244909375,0.0,0.071,0.2067092768324381,21424.4579304,0.0,0.0454,0.15274229140844706,15831.030162840001,0.0,0.0211,0.045285088206366314,4693.58938321,0.0,103645.362504785,0.05299125869376575
2006-04-01,0.08,0.38179187030415224,40287.28332847679,0.0,-0.0254,0.2252966202951854,23773.656488676876,0.0,-0.0342,0.19609013124457372,20691.74146918032,0.0,0.0256,0.15386714027617543,16236.304535008705,0.0,-0.0343,0.04295423787991326,4532.599267365897,0.0,105521.58508870858,0.018102330278761514
2006-05-01,0.0774,0.39138860430979466,43405.519058100894,0.0,0.0627,0.22780847998573825,25264.264750516915,0.0,0.0343,0.19297755104326755,21401.468201573207,0.0,-0.0256,0.142655226073835,15820.655138912482,0.0,0.1052,0.045170138587364524,5009.428710292789,0.0,110901.33585939629,0.0509824673896353
2006-06-01,-0.101,0.38051748921089734,39021.561633232704,0.0,-0.0589,0.23185283672993756,23776.199556711468,0.0,-0.0609,0.1959861517329956,20098.1187880974,0.0,-0.057,0.1454809516372942,14918.877795994471,0.0,-0.055,0.046162570688875276,4733.910131226686,0.0,102548.66790526273,-0.07531620687349794
2006-07-01,0.0361,0.3890261779754682,40430.240008192406,0.0,0.0055,0.23003664189643053,23906.96865427338,0.0,-0.0281,0.18795310204023957,19533.361650151863,0.0,0.0239,0.14698269513763978,15275.438975318739,0.0,0.0099,0.04600138295022201,4780.7758415258295,0.0,103926.78512946221,0.013438665292782037
2006-08-01,-0.0351,0.37989757898907356,39011.13858390485,0.0,0.0027,0.23343900696012299,23971.51746963992,0.0,0.0112,0.19234989423434073,19752.135300633563,0.0,-0.0027,0.14835337082260786,15234.195290085378,0.0,-0.0128,0.04596014899385478,4719.581910754299,0.0,102688.56855501802,-0.011914316149602144
2006-09-01,-0.025,0.36754925527306553,38035.86011930723,0.0,0.0444,0.2419271981637708,25035.85284529193,0.0,0.0227,0.19520215743724847,20200.508771957946,0.0,0.0105,0.14875725028196649,15394.154340631274,0.0,0.021,0.046564138843948666,4818.6931308801395,0.0,103485.06920806853,0.007756468555930374
2006-10-01,-0.002,0.35994180610562493,37959.78839906862,0.0,0.0159,0.24116920913060352,25433.922905532072,0.0,0.0428,0.199743124426766,21065.090547397747,0.0,0.0544,0.15391102921887653,16231.596336761615,0.0,-0.01,0.045234831118129176,4770.506199571338,0.0,105460.90438833137,0.01909294930547145
2006-11-01,0.0831,0.3690286144450031,41114.24681503122,0.0,0.0294,0.23499856937404145,26181.680238954716,0.0,0.0372,0.19610720152444971,21848.711915760945,0.0,0.0734,0.15638335588830019,17422.995507879918,0.0,0.0155,0.04348225876820558,4844.449045664694,0.0,111412.08352329148,0.05643019249148962
2006-12-01,-0.0336,0.3613283380505624,39732.80812204617,0.0,-0.0032,0.2373330974624598,26097.89886219006,0.0,-0.0161,0.19549225781099477,21496.947653917196,0.0,0.0236,0.1621832000996237,17834.178201865885,0.0,-0.0089,0.04366310657635927,4801.333449158278,0.0,109963.16628917759,-0.013005027715965678
2007-01-01,0.0229,0.3145069668641288,35018.62156404102,-5498.16,0.0112,0.2536581628724572,28243.44179344659,1832.72,0.014,0.21246027061174996,23656.28300107204,1832.72,-0.0017,0.1763307944531787,19633.464474922715,1832.72,-0.0018,0.04304380519848533,4792.691048949793,0.0,111344.50188243216,0.012561802646005704
2007-02-01,0.0253,0.2895267783311382,31965.22604161126,-3842.16,-0.0226,0.2656589317980916,29330.0946249147,1764.84,-0.0073,0.2285723596913459,25235.548803164213,1764.84,-0.0406,0.1859473677141184,20529.533313240852,1764.84,0.0013,0.03029456246530592,3344.6734793134283,-1452.36,110405.07626224445,-0.008437108292779882
2007-03-01,-0.0502,0.27348473886325153,29361.562556322373,-1051.81,-0.0315,0.267846639907801,28756.251284229886,361.44,-0.0328,0.2305998916556155,24757.407570420426,361.44,0.0179,0.19806955289378897,21264.92173554786,361.44,-0.0276,0.029999176679542956,3220.738043284378,-32.52,107360.88118980493,-0.02757296290624045
2007-04-01,0.0202,0.27833245619955704,30668.285817960088,699.49,0.041,0.26947669643338035,29692.506796883314,-233.19,0.0132,0.22550942185707518,24847.937242349977,-233.19,0.035,0.19755577675163286,21767.842346292036,-233.19,-0.0036,0.02912564875835458,3209.2330623285543,0.09,110185.80526581396,0.026312415143229018
2007-05-01,-0.0691,0.26693334751565817,28720.150833939046,183.74,-0.0137,0.27133407802157683,29193.638485766012,-93.36,-0.0038,0.2292018758345761,24660.509848829046,-93.36,0.0023,0.20191220926344514,21724.333655688508,-93.36,-0.0034,0.0306184893647437,3294.3341139166373,96.34,107592.96693813926,-0.023531509538998296
2007-06-01,-0.0281,0.2764576265230411,29279.48936750536,1405.88,-0.0279,0.2636551054904678,27923.58074901314,-468.63,-0.0249,0.2227326324973566,23589.5020405932,-468.63,0.0276,0.2062360864665097,21842.36107658551,-468.63,-0.006,0.030918549022624784,3274.5681092331374,0.0,105909.50134293035,-0.015646613743599214
2007-07-01,-0.0019,0.29090335826138897,29598.315514707097,375.17,-0.0544,0.2583514416345518,26286.281220266825,-125.06,-0.0922,0.2093544272896981,21301.020484450506,-125.06,-0.0163,0.2099666228867281,21363.309069037165,-125.06,-0.0236,0.03142414992763299,3197.288301855235,0.0,101746.21459031683,-0.039309851333668155
2007-08-01,0.0691,0.29099236249686183,31643.55911677336,0.0,0.0674,0.2580195502082835,28057.97657451281,0.0,0.0762,0.21080925004213202,22924.158245365634,0.0,0.0648,0.20918610406167584,22747.651496710772,0.0,0.0541,0.03099273319104676,3370.2615989856035,0.0,108743.60703234818,0.0687730002556508
2007-09-01,0.0297,0.3523263891900062,38182.037068541526,5437.18,-0.0354,0.23360902621855614,25316.492809775056,-1812.39,-0.0532,0.18444587079147798,19988.62217471218,-1812.39,0.039,0.20071508585654704,21751.736695082494,-1812.39,-0.0706,0.028903627943412613,3132.32113009722,0.0,108371.20987820848,-0.003424542962134125
2007-10-01,0.0165,0.356482579135174,38812.04068017246,0.0,-0.0353,0.22396885349230128,24384.608846589996,-39.61,-0.0226,0.17908761939325749,19498.164499563685,-39.61,0.0634,0.2120659067813768,23088.675527550724,-39.61,-0.0491,0.028395041197890443,3091.5101006094465,118.82,108874.99965448631,0.004648741827686598
2007-11-01,0.0052,0.36699511769297266,39013.86329170936,0.0,-0.0238,0.22338666323549383,23747.391506041153,-58.25,-0.0501,0.1737054989448437,18465.974783135545,-58.25,-0.057,0.20429370464978513,21717.691272480333,-58.25,0.0291,0.031619015476904745,3361.2979785371817,174.74,106306.21883190356,-0.023593853784016017
2007-12-01,0.0614,0.38497755028190805,41409.31449782031,0.0,-0.0114,0.21825986480240883,23476.671242872282,0.0,-0.0114,0.16971889980365035,18255.4626706078,0.0,-0.0293,0.19599096365815005,21081.36291819666,0.0,-0.0063,0.031052721453882725,3340.1218012723975,0.0,107562.93313076945,0.01182164423374954
2008-01-01,0.0961,0.4270715199376274,45388.749621060844,0.0,-0.0728,0.20481527034672606,21767.56957639118,0.0,-0.0771,0.15852577390942338,16847.96649870394,0.0,-0.1005,0.1784235780057316,18962.685944917896,0.0,-0.0084,0.031163857800491673,3312.064778141709,0.0,106279.03641921555,-0.011936237458242238
2008-02-01,0.0004,0.4433260009908261,45406.905120909265,0.0,-0.083,0.19488597149674686,19960.86130155071,0.0,-0.0778,0.15169592327176878,15537.194705104774,0.0,-0.031,0.17940102948540493,18374.84268062544,0.0,-0.0509,0.030691074755253307,3143.4806809342963,0.0,102423.28448912449,-0.0362795153211789
2008-03-01,-0.0196,0.4384450036681478,45187.101808539446,683.57,0.0368,0.18363234617668694,18925.55155744778,-1707.05,0.0344,0.13880844012607993,14305.901682960379,-1707.05,0.0039,0.16235631363859684,16732.79707207988,-1707.05,0.0435,0.07675789639048855,7910.836820554938,4437.58,103062.18894158241,0.006237882876386047
2008-04-01,-0.067,0.4268833234175335,43270.6663573673,1190.89,0.0241,0.1738539742086842,17622.560779982272,-1717.7,0.0222,0.12694487572080385,12867.659760322098,-1717.7,0.067,0.1580549746387911,16021.108575909231,-1717.7,-0.0245,0.11426285201418734,11582.157173451342,3962.21,101364.15264703224,-0.016475841547598513
2008-05-01,-0.0262,0.4485232091907396,44418.78305880427,2343.2,-0.0296,0.15612447511683147,15461.539220894798,-1689.4,0.0041,0.11333640412571112,11224.090625339419,-1689.4,-0.0095,0.1433410935177913,14195.557344438093,-1689.4,-0.0401,0.13867481804892637,13733.440170795942,2725.0,99033.41042027253,-0.022993752385774502
2008-06-01,0.0157,0.49548553663714995,46997.1530968275,1851.92,-0.11,0.14507820181496286,13760.76990659637,0.0,-0.0995,0.10656002475404659,10107.293608118147,0.0,-0.1265,0.13072985777259843,12399.819340366674,0.0,-0.0249,0.12214637902124223,11585.670318543123,-1851.92,94850.7062704518,-0.04223528334599802
2008-07-01,-0.0326,0.44948882987979305,41291.36306387092,-4314.33,-0.0304,0.16440770530030746,15102.97430943584,1815.73,0.0115,0.12614369165630449,11587.929719611506,1348.89,-0.0746,0.13850042624871067,12723.05562357532,1348.89,-0.0201,0.12145934691488419,11157.612064140407,-199.19,91862.93478063401,-0.031499728439539854
2008-08-01,-0.0485,0.42722346361672875,39288.73195527318,0.0,0.0595,0.2062657218274818,18968.80519584727,2800.57,0.0842,0.16963364734316005,15600.011396002794,2800.57,-0.0194,0.165528253910689,15222.467286477959,2800.57,0.0461,0.031348913301940354,2882.9386882972794,-8401.72,91962.95452189849,0.001088793227685514
2008-09-01,0.2581,0.464481812893047,49429.153672929184,0.0,0.0911,0.1944867733977785,20696.86334918896,0.0,0.1047,0.16194025121631225,17233.332589164285,0.0,0.0239,0.1464630694419384,15586.284254624781,0.0,0.2044,0.03262809305092384,3472.2113561852434,0.0,106417.84522209245,0.15718166924217214
2008-10-01,-0.1083,0.4580698760818307,42701.75962615095,-1541.12,-0.1089,0.20275184397637885,18900.741911462283,513.71,-0.1519,0.16145779441909114,15051.26681987023,513.71,-0.2015,0.1379070925063525,12855.845412317889,513.71,0.0689,0.03981339301634674,3711.446718626407,0.0,93221.06048842777,-0.12400913311224437
2008-11-01,0.2334,0.5036091601560845,51740.48817089459,-752.28,0.0087,0.18556837796854397,19065.178366092005,0.0,-0.0397,0.1406834734812141,14453.731527121383,0.0,-0.016,0.12312857091670175,12650.151885720803,0.0,0.0886,0.047010417477455595,4829.820705896706,725.28,102739.37065572549,0.10210471879880934
2008-12-01,0.0912,0.46109200017035223,50449.14206808018,-5507.77,0.0228,0.162216693096344,17748.503536838904,-1712.32,0.0555,0.12291632948010692,13448.55986687662,-1712.32,0.1041,0.11037569626409298,12076.460185024338,-1712.32,0.0139,0.14339928098910382,15689.64696070867,10644.73,109412.31261752872,0.06495019308774941
2009-01-01,0.0379,0.4811932756269103,51101.56911246042,-1213.6,-0.099,0.1612540042507203,17124.787606691854,1257.92,-0.1099,0.12326303245080737,13090.23772950688,1257.92,-0.1062,0.112227295639447,11918.269009374753,1257.92,-0.0127,0.12206239203211501,12962.73260330767,-2560.17,106197.59606134158,-0.029381670849283448
2009-02-01,0.0448,0.4748189855086477,49929.862688698646,-3312.65,-0.0874,0.15883525332713674,16702.412141866986,1177.22,-0.0976,0.12243719887770227,12874.953855107007,1177.22,-0.039,0.11967758369347202,12584.764938009137,1177.22,0.0251,0.12423097859304134,13063.579789650692,-219.02,105155.57341333246,-0.009812111447487282
2009-03-01,-0.0375,0.4191698845415526,45545.51221287245,-2609.85,0.0753,0.20658915647145168,22447.244652149573,4172.92,0.064,0.16693843336707048,18138.937781833854,4172.92,0.1577,0.17854781370259803,19400.37185273318,4172.92,-0.0096,0.028754711917327234,3124.3849596700456,-9908.91,108656.4514592591,0.03329236798667656
2009-04-01,-0.0975,0.38242274745561705,41104.82477211738,0.0,0.0226,0.21313084249148578,22908.433121288155,-45.1,0.0786,0.18156913494282118,19516.013431485997,-45.1,0.0802,0.19451556751357177,20907.56465532238,-45.1,-0.0648,0.028361707596504273,3048.466726283427,135.31,107485.30270649734,-0.010778455738552073
2009-05-01,0.0163,0.3883495035376975,41774.8334159029,0.0,-0.032,0.205619603258916,22118.541661406933,-58.7,-0.0495,0.1719265797718712,18494.17641662744,-58.7,0.0657,0.20655009704444077,22218.635063177062,-58.7,-0.0808,0.027554216387074573,2964.0125427997264,176.09,107570.19909991405,0.0007898418786476125
2009-06-01,-0.0765,0.37637109837470767,38579.05865958633,0.0,-0.0233,0.20992149799075577,21517.52305069615,-87.7,-0.0058,0.17852911719750336,18299.718853411,-87.7,-0.0531,0.20444124655931528,20955.782411322358,-87.7,-0.0237,0.030737039877717996,3150.629975535373,263.1,102502.7129505512,-0.04710864339533327
2009-07-01,-0.0083,0.3640246592736812,38258.85247271176,0.0,0.034,0.2116955261168932,22249.118834419816,0.0,0.0473,0.18235361840319017,19165.29555517734,0.0,0.0687,0.213087784547086,22395.444662980204,0.0,-0.038,0.028838411659149348,3030.9060364650286,0.0,105099.61756175416,0.025334984181889286
2009-08-01,-0.0054,0.35954177796696457,38052.25466935912,0.0,0.0325,0.21665906383887892,22930.20277153846,-40.69,0.0282,0.18579715225162444,19663.919431833343,-40.69,-0.0142,0.2082225155228503,22037.317146765887,-40.69,-0.0004,0.02977949041968166,3151.7248420504425,122.08,105835.41886154727,0.007000989317213824
2009-09-01,0.0076,0.3091485395582542,32985.957044846255,-5315.1,-0.0155,0.22784916091482557,24311.363868579618,1763.92,0.0011,0.2010453139503209,21451.410055208362,1763.92,0.0475,0.233663928078379,24931.795911237263,1763.92,-0.0492,0.028293057498220267,3018.851651821561,23.34,106699.37853169306,0.008163237595119499
2009-10-01,0.0061,0.2952723335314325,30058.069589819814,-3110.13,-0.0494,0.23613645465722632,24038.168093471784,976.0,-0.0932,0.1997801366149201,20337.175438062943,976.0,-0.0636,0.2383161877165886,24260.060091282572,976.0,-0.0302,0.0304948874798324,3104.31200593655,182.13,101797.78521857367,-0.045938349225374986
2009-11-01,0.1351,0.2939527725314533,32350.985190404474,-1557.51,0.0629,0.23717218049520303,26101.994659551157,519.17,0.0366,0.19644431530348805,21619.687681096046,519.17,0.0841,0.244088434922731,26863.163341959436,519.17,0.0048,0.028342296747124553,3119.2127035650456,0.0,110055.04357657616,0.08111432228385951
2009-12-01,-0.0716,0.27232864208373875,30034.654650771514,0.0,0.0166,0.2332758419241563,25727.58890489971,-794.51,0.0737,0.20274135583412486,22359.993276192825,-794.51,0.023,0.24180479490177956,26668.232368824505,-794.51,-0.0009,0.04984936525620066,5497.800226131837,2383.54,110288.26942682038,0.00211917457541988
2010-01-01,0.0535,0.3579723309948896,40666.04251458779,8566.24,0.0289,0.2071563526867764,23533.18487525131,-2855.41,0.0285,0.17658691573909266,20060.46389956432,-2855.41,-0.0145,0.206578467052044,23467.53644447655,-2855.41,0.0684,0.051705933527197455,5873.849761599255,0.0,113601.07749547921,0.030037719205096236
2010-02-01,0.0035,0.30711547418307156,35108.443488388846,-5680.05,0.0086,0.2243346021750974,25645.20307517847,1893.35,0.0245,0.19674878749154537,22491.682340103645,1893.35,-0.0019,0.22142599683759467,25312.700760232045,1893.35,-0.0196,0.050375139312691046,5758.7223062719095,0.0,114316.75197017491,0.0062998916073149225
2010-03-01,-0.0122,0.2947326351257774,34680.120477830504,0.0,0.0391,0.22647022770519148,26647.93051541795,0.0,0.0595,0.20252121848506371,23829.937439339814,0.0,0.061,0.2282451187302985,26856.775506606198,0.0,-0.0186,0.04803079995366884,5651.610071375252,0.0,117666.37401056972,0.02930123523163708
2010-04-01,0.0237,0.3024823848623058,35502.03933315509,0.0,-0.019,0.22273028988109336,26141.61983562501,0.0,0.0216,0.20741997334057038,24344.664088029553,0.0,-0.0349,0.22083757636720225,25919.47404142564,0.0,-0.0337,0.04652977554882815,5461.1508119699065,0.0,117368.94811020521,-0.002527705156766369
2010-05-01,0.0798,0.3263173278472515,38335.10207194086,0.0,-0.0371,0.214267939549734,25171.765739723323,0.0,-0.0302,0.20096918821199433,23609.45523257106,0.0,-0.0497,0.2096671663989022,24631.276181566787,0.0,0.0493,0.04877837799211801,5730.385547000023,0.0,117477.98477280205,0.0009290077516452833
2010-06-01,0.0221,0.34204605500931173,39182.30782773076,0.0,-0.0549,0.20767586025547458,23789.835800612513,0.0,-0.0785,0.1899222642937442,21756.112996814234,0.0,-0.0216,0.2103768419583606,24099.240616044946,0.0,-0.0009,0.049978978483108887,5725.228200007723,0.0,114552.72544121018,-0.024900489544906756
2010-07-01,-0.075,0.31500181822805084,36243.63474065095,0.0,0.0396,0.21495078275055945,24731.91329831677,0.0,0.0348,0.19566765556468926,22513.225729103367,0.0,0.079,0.22599879219972302,26003.080624712497,0.0,-0.0277,0.04838095125697758,5566.639378867509,0.0,115058.49377165108,0.004415157548568915
2010-08-01,0.0544,0.33762051551299727,38215.288470542364,0.0,-0.0493,0.20772697446917776,23512.629972709754,0.0,-0.0763,0.18372165792373527,20795.46660597278,0.0,-0.0343,0.221849635949392,25111.174959284857,0.0,-0.002,0.049081216144697674,5555.506100109774,0.0,113190.06610861953,-0.01623893727254666
2010-09-01,0.0128,0.3267498420592091,38704.44416296531,0.0,0.0511,0.2086410678169214,24714.125364315223,0.0,0.084,0.19030600966845085,22542.28580087449,0.0,0.0801,0.228973673357698,27122.580073523575,0.0,-0.0335,0.04532940709772063,5369.396645756096,0.0,118452.8320474347,0.04649494535823395
2010-10-01,0.0419,0.3280321096641323,40326.160373393555,0.0,0.0393,0.20893714532545513,25685.39049113281,0.0,0.0439,0.191419568688643,23531.892147532883,0.0,0.0326,0.22782039726658654,28006.776183920443,0.0,0.0026,0.04379077905518288,5383.3570770350625,0.0,122933.57627301477,0.037827244381845926
2010-11-01,0.0334,0.33247724986787397,41673.0541298649,0.0,0.0112,0.20721912569396184,25973.066864633496,0.0,0.0488,0.19690472209105717,24680.248484332486,0.0,-0.016,0.21986941585728037,27558.667764977716,0.0,0.0135,0.0435294864898267,5456.032397575036,0.0,125341.06964138363,0.019583692603412306
2010-12-01,-0.0146,0.3243645579674277,41064.62753956887,0.0,0.024,0.2100819290459924,26596.4204693847,0.0,0.0338,0.20153550232153483,25514.440883102925,0.0,0.0226,0.22260223166357496,28181.493656466213,0.0,-0.039,0.04141577900147019,5243.24713406961,0.0,126600.22968259231,0.01004586960053322
2011-01-01,-0.0506,0.3118826330645024,38986.75738606669,0.0,0.0354,0.22029539936612139,27537.93375400092,0.0,0.0087,0.20588378946314603,25736.41651878592,0.0,-0.0265,0.21946943219052,27434.684074569857,0.0,0.0125,0.04246874591571023,5308.78772324548,0.0,125004.57945666886,-0.012603849376292664
2011-02-01,0.0473,0.31859090564287346,40830.831010427646,0.0,0.0205,0.21927519977846166,28102.461395957936,0.0,0.0437,0.209589207501519,26861.097920656866,0.0,-0.0116,0.21158157984418804,27116.441739304846,0.0,-0.0111,0.040963107232957756,5249.860179517455,0.0,128160.69224586476,0.02524797733742168
2011-03-01,-0.007,0.3159203887561731,40545.01519335465,0.0,-0.0215,0.2142621100623505,27498.25847594484,0.0,0.0022,0.2097579095148543,26920.192336082313,0.0,0.0412,0.21999208066013998,28233.639138964205,0.0,-0.0205,0.04006751100648204,5142.238045837347,0.0,128339.34319018337,0.0013939605130712795
2011-04-01,0.0612,0.32973428694899315,43026.37012318795,0.0,-0.0012,0.21048110920337823,27465.260565773708,0.0,-0.0032,0.20564378463199934,26834.04772060685,0.0,-0.0023,0.21587195864928788,28168.701768944586,0.0,-0.0289,0.038268860566341455,4993.627366312648,0.0,130488.00754482574,0.016742055095749553
2011-05-01,-0.0138,0.32997139090462824,42432.60621548796,0.0,-0.0091,0.21163628643841137,27215.326694625168,0.0,-0.0136,0.20583339237131945,26469.104671606598,0.0,-0.0251,0.21355192107506343,27461.667354544075,0.0,0.0045,0.039007009210577495,5016.098689461054,0.0,128594.80362572486,-0.014508643014190525
2011-06-01,-0.0355,0.279297609495633,34724.76446483814,-6429.74,-0.0312,0.2287689280665981,28442.589101752863,2143.25,-0.0369,0.2216424247356119,27556.558784224315,2143.25,-0.0321,0.23047416640055596,28654.599507463212,2143.25,-0.0131,0.039816871301600935,4950.387796629115,0.0,124328.89965490765,-0.033173222016288584
2011-07-01,0.0843,0.37366350333849485,47183.44945722399,8790.36,-0.0215,0.19769892835601738,24963.951016065177,-2930.12,-0.037,0.18781007835037644,23715.260549208015,-2930.12,-0.0103,0.20162350490841488,25459.51736853634,-2930.12,0.0,0.039203985046696456,4950.387796629115,0.0,126272.56618766264,0.0156332641738961
2011-08-01,0.1418,0.41946892910196787,53874.062590258356,0.0,-0.0393,0.18673304674792837,23982.867741133814,0.0,-0.0721,0.1713362060431749,22005.390263610116,0.0,-0.0758,0.1832045272593998,23529.685952001288,0.0,0.0185,0.03925729084752906,5041.969970866753,0.0,128433.97651787032,0.017117022291250894
2011-09-01,0.0183,0.4205886823566323,54859.95793566008,0.0,0.0614,0.19515617950919914,25455.41582043943,0.0,0.012,0.17073073085197454,22269.454946773436,0.0,-0.0613,0.1693343481883348,22087.316203143608,0.0,0.1432,0.04419005909385912,5763.980070694872,0.0,130436.12497671144,0.015588931473771828
2011-10-01,-0.0327,0.43489950384487,56776.880628164,3836.29,0.0149,0.1809885677658391,23628.36981016398,-2173.94,0.0545,0.1623166636586893,21190.72051137259,-2173.94,0.0655,0.16252333908164587,21217.702344449517,-2173.94,-0.0842,0.0592719256489558,7738.052164742363,2685.52,130551.72545889244,0.0008862612424407335
2011-11-01,0.1218,0.45626490458717367,65903.82120867437,1971.4,0.0967,0.16288174780703593,23526.967508806832,-2175.86,0.0981,0.14455779116066858,20880.21832753824,-2175.86,0.0806,0.14245588546060148,20576.614837412148,-2175.86,0.1025,0.09383967098452033,13554.390961628455,4556.18,144442.01284406005,0.10639681196355633
2011-12-01,-0.0935,0.4255590618101237,58921.503945663324,-904.92,0.0202,0.16629713288714093,23024.95247048473,-957.91,0.0119,0.1456006361120391,20159.383796635946,-957.91,-0.0407,0.13592858533628105,18820.223550529474,-957.91,0.0114,0.1266145838544152,17530.63762859102,3778.65,138456.7013919045,-0.04143746915668722
2012-01-01,0.0435,0.437677910609317,61484.589367299675,0.0,-0.0191,0.16077252350350632,22585.175878298473,0.0,0.0071,0.14452341019556053,20302.515421592063,0.0,0.0432,0.13975929711233565,19633.257207912346,0.0,-0.0603,0.11726685857928046,16473.54017958698,0.0,140479.07805468954,0.014606563947097584
2012-02-01,-0.057,0.4243490834472159,57979.96777336359,0.0,0.0046,0.1660588207814977,22689.067687338644,0.0,-0.0098,0.14713570343512047,20103.55077046046,0.0,0.0163,0.14603588287576585,19953.27930040132,0.0,-0.0344,0.11642050946040013,15906.850397409187,0.0,136632.7159289732,-0.027380320108727707
2012-03-01,0.0589,0.418419618417019,61394.987875214705,0.0,0.1109,0.18902005472037314,27735.037882864497,2277.21,0.1005,0.16785876096663713,24630.027227891736,2277.21,0.0435,0.15809589602026683,23197.515584968776,2277.21,0.0769,0.06660566987570395,9773.094076969955,-6831.64,146730.66264790966,0.07390577469151505
2012-04-01,0.0316,0.3707275633072106,55766.70514407149,-7336.53,0.0259,0.20583159531322603,30962.224073030688,2445.51,0.017,0.18305345331711093,27535.821360765898,2445.51,0.0161,0.17321504374122007,26055.878296886774,2445.51,0.0339,0.06717234432123247,10104.401966179237,0.0,150425.03084093408,0.02517788801846632
2012-05-01,0.0026,0.32234254419683156,48370.89332744608,-7521.25,0.0028,0.22366319720244088,33563.01812443518,2507.08,-0.0005,0.20010511572590267,30027.879910085518,2507.08,-0.0446,0.18185361724030646,27289.050356845626,2507.08,0.0698,0.0720355256345186,10809.689223418547,0.0,150060.53094223092,-0.0024231332821769147
2012-06-01,0.0549,0.2773964784668045,44323.68406512287,-6353.94,0.071,0.24172902297061546,38624.574121270074,2501.01,0.0769,0.2192349110126953,35030.36154417109,2501.01,0.0694,0.19937773397080172,31857.490545610715,2501.01,0.0298,0.062261853579083204,9948.48508027642,-1149.09,159784.59535645114,0.06480094634586964
2012-07-01,-0.0086,0.3524208096980646,55443.66238416282,11600.93,-0.0062,0.2304171556922949,36249.7634537182,-2148.66,-0.0335,0.20200670083410874,31780.164542441362,-2148.66,-0.019,0.18525255154853068,29144.36276524411,-2148.66,-0.0186,0.029902782227000872,4704.3753277832775,-5154.95,157322.3284733498,-0.015409914063420627
2012-08-01,0.0532,0.2881164729361427,46778.72307100028,-11027.86,0.0247,0.2453302793442057,39831.93699902504,2622.04,0.0404,0.2204480919335381,35792.053605955996,2622.04,0.009,0.19741444681758205,32052.30039013131,2622.04,0.005,0.04869070896853134,7905.445904422194,3161.74,162360.45997053484,0.03202426220152521
2012-09-01,0.0372,0.2912412105748332,48518.89156924149,0.0,0.0142,0.24249176212882337,40397.5505044112,0.0,0.0186,0.21884279151345581,36457.785803026774,0.0,0.0418,0.2004405169793633,33392.0865464388,0.0,-0.0099,0.0469837188035244,7827.181989968414,0.0,166593.49641308666,0.02607184312806221
2012-10-01,-0.0286,0.2881251459182939,47131.25127036118,0.0,-0.0189,0.24229279572463006,39634.03679987783,0.0,-0.0208,0.2182397656786333,35699.46385832382,0.0,-0.0034,0.20344013390090265,33278.5534521809,0.0,0.0011,0.04790215877754009,7835.791890157379,0.0,163579.0972709011,-0.01809433865720078
2012-11-01,0.0297,0.2860961698262851,48531.049433090906,0.0,0.0356,0.24196508961494093,41045.008509953484,0.0,0.0384,0.2185338587522082,37070.32327048345,0.0,0.0486,0.2057153289965809,34895.89114995689,0.0,0.0324,0.047689552809985006,8089.671547398479,0.0,169631.9439108832,0.037002567815605625
2012-12-01,-0.0461,0.2756967576497452,46293.76805422542,0.0,-0.0166,0.24038074742986754,40363.661368688256,0.0,0.0032,0.22147414001964372,37188.948304949,0.0,0.0365,0.21540348587127706,36169.59117693032,0.0,-0.0235,0.04704486902946645,7899.564266034615,0.0,167915.5331708276,-0.010118440551251995
2013-01-01,-0.0356,0.3407268347253525,56678.21045949499,12476.67,0.02,0.22200164386644775,36928.86679606202,-4158.89,0.0317,0.204858024374588,34077.11115321588,-4158.89,-0.0319,0.18629689501100477,30989.559809386243,-4158.89,-0.0289,0.046116602022607055,7671.266858746214,0.0,166345.01507690534,-0.009353024489548
2013-02-01,-0.0574,0.32912562196621675,53424.88117911998,0.0,0.0036,0.22832042363135402,37061.81071652785,0.0,0.0026,0.2104789163023348,34165.71164221424,0.0,-0.0301,0.18516568007592324,30056.774059123716,0.0,-0.0074,0.046909358024171045,7614.499483991492,0.0,162323.6770809773,-0.02417468292674041
2013-03-01,0.0338,0.27744454208896324,47001.33571297423,-7960.25,0.0606,0.24896748355557882,42177.09307994944,2705.39,0.0684,0.2325337410520715,39393.0849945417,2705.39,0.0134,0.1959834805927521,33201.177057515975,2705.39,0.0237,0.045070752710634335,7635.34781776209,-155.92,169408.03866274343,0.04364342718919567
2013-04-01,-0.0823,0.2628279825534857,43530.41646779645,432.92,0.0106,0.25647575857991944,42478.3406865969,-144.3,-0.0108,0.23441700017687253,38824.89811660065,-144.3,0.0047,0.20052891505974996,33212.2443796863,-144.3,-0.0076,0.04575034362997228,7577.319174347098,0.0,165623.2188250274,-0.022341441808737428
2013-05-01,-0.0098,0.2666320371714148,45920.02640241205,2844.08,0.074,0.2589880127217517,44603.55367740507,-948.03,0.0935,0.24049333833751824,41418.35528550281,-948.03,0.0013,0.187583879144039,32306.15785837989,-948.03,0.0524,0.046302732625276205,7974.370699082886,0.0,172222.4639227827,0.039844927206293956
2013-06-01,-0.0785,0.26184580438267757,44436.8369198227,2302.26,0.0202,0.2635239209336128,44721.62357768865,-767.42,0.0273,0.24607659691082492,41760.70581879704,-767.42,-0.032,0.17989626580050566,30529.498246911735,-767.42,0.0355,0.04865741197237895,8257.46085890033,0.0,169706.12542212047,-0.014610977240404943
2013-07-01,0.117,0.2852113230132282,53077.289799441955,3080.88,0.0946,0.2570051747320729,47828.178752138,-1026.96,0.1146,0.2439671831709768,45401.83308963118,-1026.96,0.0568,0.16753679797329216,31178.282419336323,-1026.96,0.043,0.04627952111042987,8612.531675833043,0.0,186098.1157363805,0.09659044582797027
2013-08-01,0.0985,0.30221399091149614,58305.402844686985,0.0,0.0086,0.2500394720304627,48239.50108940639,0.0,0.0083,0.23728425449185092,45778.66830427512,0.0,0.0147,0.1639817861927763,31636.603170900566,0.0,0.0412,0.046480496373413956,8967.367980877365,0.0,192927.54339014643,0.03669799463977497
2013-09-01,-0.0955,0.28205957448736124,52737.23687301938,0.0,-0.0209,0.252611625216286,47231.295516637794,0.0,0.0099,0.2472663408542752,46231.87712048744,0.0,0.0193,0.17247070798006203,32247.189612098948,0.0,-0.0494,0.04559175146201551,8524.380002622023,0.0,186971.97912486558,-0.03086943502534134
2013-10-01,-0.0353,0.2746895770643275,50875.612411401795,0.0,0.011,0.25781818357457714,47750.83976732081,0.0,-0.0088,0.24742031253253655,45825.03660182715,0.0,0.0082,0.17553797941983856,32511.616566918157,0.0,-0.0324,0.04453394740872029,8248.19009053707,0.0,185211.29543800498,-0.009416831843475193
2013-11-01,0.0073,0.2645167059032077,52237.73429700503,983.55,0.0947,0.26287714061051826,51913.94689828609,-327.85,0.107,0.2550356760556332,50365.38556822266,-327.85,0.0622,0.17310592791009718,34185.59684738047,-327.85,0.0646,0.04446454952054369,8781.023170385764,0.0,197483.68678128,0.06626157067932681
2013-12-01,-0.0216,0.2703222609292262,54101.05291618972,3057.7,0.0398,0.26442262345841155,52920.32663083787,-1019.23,0.0324,0.25455252723753247,50944.97100863307,-1019.23,0.0025,0.166133943919691,33249.282764498916,-1019.23,0.0158,0.044568644455138855,8919.76333647786,0.0,200135.39665663743,0.013427488207136351
2014-01-01,0.0522,0.29528838420095493,58963.091970414825,1936.86,-0.0168,0.2573946928325954,51396.4915594398,-645.62,-0.0088,0.24968346858622573,49856.716719757096,-645.62,-0.0685,0.15209515001067633,30370.31186513074,-645.62,0.01943,0.04553830436954759,9093.074338105624,0.0,199679.68645284808,-0.0022770095215649544
2014-02-01,0.027,0.30027817682772706,60555.09545361603,0.0,0.0058,0.2563410640220865,51694.59121048455,0.0,0.0103,0.24977392886784638,50370.240901970596,0.0,-0.0032,0.1501171664324931,30273.126867162322,0.0,-0.0355,0.043489663849846975,8770.270199102873,0.0,201663.32463233636,0.009934101033139742
2014-03-01,-0.057,0.29188934464526967,57103.455012759914,0.0,-0.0186,0.2593265692997383,50733.07181396954,0.0,-0.0351,0.2484346624638103,48602.245446311426,0.0,0.0124,0.1566625795028373,30648.513640315134,0.0,-0.0255,0.04368684408834448,8546.62830902575,0.0,195633.91422238175,-0.029898398337660836
2014-04-01,-0.0079,0.29528436502826955,56652.33771815911,0.0,-0.0089,0.26207841400308957,50281.54747482521,0.0,-0.0519,0.24017793009572627,46079.78890764786,0.0,-0.0073,0.15858059975817804,30424.77949074083,0.0,-0.015,0.04387869111473671,8418.428884390363,0.0,191856.88247576336,-0.01930663076303296
2014-05-01,-0.033,0.2851956782223644,54782.810573459865,0.0,0.0194,0.26684059167087243,51257.00949583682,0.0,0.0063,0.2413996211278892,46370.09157776604,0.0,0.0279,0.1628084478344031,31273.6308385325,0.0,-0.0016,0.04375566114447098,8404.959398175339,0.0,192088.50188377054,0.0012072509727996117
2014-06-01,0.0506,0.2915694120134752,57554.820788476936,0.0,0.0091,0.26202801427163996,51723.44828224894,0.0,0.0424,0.24486832549433812,48336.18346066332,0.0,0.006,0.15938099770583714,31461.272623563695,0.0,-0.01,0.042153250514709605,8320.909804193585,0.0,197396.63495914647,0.02763378871364086
2014-07-01,-0.0148,0.2895882992136297,56703.00944080748,0.0,0.0045,0.26534585801139776,51956.203799519055,0.0,-0.0455,0.2356259888475765,46136.88711320314,0.0,0.0338,0.16610691598874724,32524.66363824015,0.0,0.0197,0.04333293793864891,8484.831727336199,0.0,195805.595719106,-0.008060113285972448
2014-08-01,0.001,0.28307069882922725,56759.71245024829,0.0,0.0344,0.26802830134418276,53743.49721022251,0.0,0.045,0.24044697069888282,48213.04703329728,0.0,0.025,0.16626139103797502,33337.78022919615,0.0,-0.0029,0.04219263808973218,8460.225715326924,0.0,200514.26263829114,0.024047662692643357
2014-09-01,0.0254,0.2795633075011706,58201.4091464846,0.0,0.0751,0.27753736176483623,57779.63385071022,0.0,0.0244,0.2372361238124682,49389.44538090974,0.0,0.0072,0.16128688957952264,33577.81224684636,0.0,0.092,0.04437631734200222,9238.566481137,0.0,208186.86710608794,0.03826463198599228
2014-10-01,-0.046,0.33573160067402336,69513.5907857463,14663.99,0.006,0.2569848147737473,53208.98365381448,-4888.0,0.048,0.22524642022625863,46637.51475919341,-4888.0,-0.0028,0.13817595473994948,28609.480772555195,-4888.0,-0.017,0.0438612095860212,9081.510850957671,0.0,207051.08082226707,-0.005455609662650351
2014-11-01,0.0462,0.28348935871540787,61894.280870047776,-10352.55,0.0768,0.27944515365882644,61011.30887842743,3450.85,0.0522,0.24139117629916673,52702.977399623305,3450.85,0.0348,0.1519534828996896,33176.030283440115,3450.85,0.0511,0.04372082842690932,9545.576055441608,0.0,218330.17348698023,0.05447492773242346
2014-12-01,0.0663,0.28732941877843216,65997.87169173194,0.0,0.0467,0.2780242833537257,63860.53700304999,0.0,0.0775,0.2472308110147822,56787.45814809411,0.0,-0.0048,0.1437424192318484,33016.7853380796,0.0,0.0509,0.04367306762121149,10031.445876663587,0.0,229694.09805761924,0.05204926277089528
2015-01-01,0.0647,0.30941999065400067,70267.933990187,0.0,-0.048,0.2677075987556904,60795.23122690359,0.0,-0.0497,0.2376316825500813,53965.121478133835,0.0,-0.0243,0.14185422491922026,32214.477454364267,0.0,-0.0178,0.043386503121007274,9852.886140058976,0.0,227095.6502896477,-0.011312644904440394
2015-02-01,0.0531,0.2872927685451901,73999.16128506593,0.0,0.1751,0.27735898409513393,71440.47621473442,0.0,0.1802,0.2472672884690336,63689.63636849355,0.0,0.1631,0.14546752304307942,37468.65872717108,0.0,0.114,0.04261343584756288,10976.1151600257,0.0,257574.0477554907,0.13420951668149317
2015-03-01,0.0834,0.28320865158489256,80170.69133624043,0.0,0.0913,0.2754097960604376,77962.99169313967,0.0,0.1268,0.25351665455842,71765.48226001853,0.0,0.094,0.14480259884152571,40990.712647525164,0.0,0.1106,0.04306229895472409,12190.073496724543,0.0,283079.95143364836,0.099023577493218
2015-04-01,-0.0846,0.28167665403908315,73388.25084919449,0.0,-0.0773,0.2761044035106348,71936.45243525997,0.0,-0.1083,0.2456171516891678,63993.280531258526,0.0,-0.0224,0.15380518563438553,40072.5206842206,0.0,-0.0853,0.04279660512672874,11150.260227453939,0.0,260540.76472738752,-0.0796212751631189
2015-05-01,0.0764,0.28212132641183574,78995.11321407295,0.0,0.0822,0.2780303698708927,77849.62882543834,0.0,0.0949,0.2502329646266153,70066.24285367496,0.0,0.027,0.14697815672739958,41154.47874269456,0.0,0.0707,0.0426371823632567,11938.583625534931,0.0,280004.04726141575,0.07470340602705039
2015-06-01,-0.0285,0.28178891800539274,76743.75248747187,0.0,-0.0349,0.2758733448690929,75132.67677943055,0.0,-0.0065,0.2555980758914083,69610.81227512608,0.0,-0.0502,0.1435258571799934,39088.523909811294,0.0,-0.0142,0.04321380405411261,11769.055738052335,0.0,272344.8211898921,-0.0273539834385782
2015-07-01,0.0095,0.2701861293028798,77472.81813610285,0.0,0.1025,0.2888824479575383,82833.77614932218,0.0,0.0647,0.2584744686000023,74114.63182932674,0.0,0.0129,0.1380796054113332,39592.76586824786,0.0,0.0812,0.0443773487282463,12724.703063982184,0.0,286738.69504698185,0.05285165252712343
2015-08-01,0.1,0.30084361972991924,88315.52194971315,2814.02,-0.0046,0.27769166983724897,81519.0456250353,-938.01,-0.0052,0.24797728377011938,72796.10339581425,-938.01,-0.032,0.12746238999735454,37417.80368046393,-938.01,0.0618,0.04602503666535786,13511.089713336283,0.0,293559.5643643629,0.023787753223412977
2015-09-01,0.1145,0.30458523234174545,98427.64921295531,0.0,0.1043,0.2785722737002147,90021.48208372649,0.0,0.0752,0.24220835441676167,78270.37037117948,0.0,0.0988,0.12722974975149093,41114.682684093765,0.0,0.1338,0.047404389789787164,15318.873516980679,0.0,323153.05786893575,0.10080916140017737
2015-10-01,-0.0301,0.2964886847485477,95464.97697164536,0.0,0.0255,0.28671200304392963,92317.02987686152,0.0,0.0002,0.24313545300346062,78286.02444525372,0.0,0.0073,0.1286233534138473,41414.81986768765,0.0,-0.0533,0.04504050579021477,14502.377558525608,0.0,321985.2287199738,-0.0036138576458576432
2015-11-01,-0.0678,0.28075133063471863,88992.45153296781,0.0,0.0001,0.2912687575695032,92326.2615798492,0.0,0.0322,0.2549275348692775,80806.83443239088,0.0,-0.0256,0.12730976151989243,40354.60047907485,0.0,-0.0002,0.04574261540660814,14499.477083013902,0.0,316979.6251072967,-0.015546065987487978
2015-12-01,0.0266,0.2875191248373628,91359.65074374476,0.0,0.0118,0.29398977982349817,93415.71146649143,0.0,-0.0262,0.24764534630322635,78689.69537026224,0.0,-0.0247,0.12386356724531442,39357.841847241696,0.0,0.0296,0.04698218179059823,14928.661604671113,0.0,317751.56103241123,0.0024352856271228074
2016-01-01,0.0835,0.31133325496525227,98988.18158084745,0.0,-0.0238,0.2868143623357135,91192.41753358893,0.0,-0.0599,0.23266662096854152,73976.18261758353,0.0,-0.0234,0.12088994001455752,38436.86834801624,0.0,0.0286,0.048295821715935265,15355.621326564707,0.0,317949.27140660083,0.0006222168462279853
2016-02-01,0.0882,0.33450787649679403,107718.9391962782,0.0,-0.0215,0.27709828608350323,89231.78055661677,0.0,-0.0196,0.2252213201400864,72526.24943827889,0.0,-0.0255,0.11631724844216136,37456.72820514183,0.0,-0.0174,0.046855268837455166,15088.433515482482,0.0,322022.1309117981,0.012809777758505447
2016-03-01,-0.101,0.3172772360630687,96839.3263374541,0.0,-0.0368,0.2815938638550398,85948.05103213327,0.0,-0.027,0.2312039308364719,70568.04070344535,0.0,0.0207,0.12526077903101998,38232.08247898827,0.0,-0.0965,0.04466419021439979,13632.399681238423,0.0,305219.90023325937,-0.05217725449789312
2016-04-01,0.0119,0.32610755078765213,97991.7143208698,0.0,-0.0329,0.2766170309193873,83120.36015317608,0.0,-0.0194,0.23028807403030374,69199.02071379851,0.0,-0.0316,0.12321234816436871,37023.94867265224,0.0,-0.0351,0.04377499609828818,13153.902452426955,0.0,300488.94631292357,-0.015500148963813465
2016-05-01,-0.0374,0.3598822534996523,108789.35977526926,15024.45,0.0399,0.26871042430031655,81228.88733828781,-5008.15,0.0472,0.22237036583642916,67220.67981148981,-5008.15,-0.0136,0.1044699565808436,31580.383810704167,-5008.15,0.0242,0.0445669997827584,13472.226891775688,0.0,302291.53762752673,0.005998860646028392
2016-06-01,-0.0145,0.4289402772415634,122107.33264852785,15114.58,-0.0932,0.24269931111322063,69089.72434635938,-5038.19,-0.0942,0.19785886224010724,56324.89927124747,-5038.19,-0.0601,0.08763418444869964,24947.007962680847,-5038.19,-0.0942,0.042867364956408936,12203.143118570419,0.0,284672.107347386,-0.05828621739934636
2016-07-01,0.0359,0.44586789791629666,132701.33069861,5995.12,0.0497,0.22238905584400465,66188.49166137344,-6035.05,0.0673,0.1803423689307218,53674.35612720242,-6035.05,0.068,0.08175655473885032,24332.775824143144,-2163.51,0.014,0.06964412257012653,20727.815982230404,8238.49,297624.7702935594,0.0455002882680291
2016-08-01,-0.0432,0.43649124860928484,126968.63321243004,0.0,-0.0139,0.22437917109611163,65268.47162728035,0.0,0.005,0.18544366480254623,53942.72790783844,0.0,-0.0038,0.08333305217077905,24240.311276011398,0.0,-0.0127,0.07035286332127819,20464.572719256077,0.0,290884.7167428163,-0.022646144486210273
2016-09-01,0.0116,0.4363336132507567,128441.46935769422,0.0,0.0051,0.22285691858490947,65601.34083257947,0.0,0.0143,0.18587147094238102,54714.10891692053,0.0,0.0317,0.08495814634124733,25008.729143460958,0.0,0.0066,0.0699798508807056,20599.638899203168,0.0,294365.2871498583,0.011965463314868252
2016-10-01,-0.0466,0.4349623427959374,122456.09688562567,0.0,-0.0367,0.2244633926342571,63193.77162402381,0.0,-0.0628,0.1821389618829867,51278.06287693792,0.0,-0.0258,0.0865388250834668,24363.503931559666,0.0,-0.0174,0.07189647760335195,20241.205182357033,0.0,281532.6405005041,-0.04359429324566122
2016-11-01,-0.0248,0.4041859494524379,119419.18568286215,0.0,0.0979,0.2348249119996272,69380.44186601574,0.0,0.179,0.2046220929504563,60456.836131909804,0.0,0.0147,0.08367284105285551,24721.647439353594,0.0,0.0611,0.07269420454462304,21477.942818999047,0.0,295456.05393914034,0.049455769724900955
2016-12-01,-0.0606,0.39634296910049627,112182.3830304807,0.0,-0.025,0.23899464732559034,67645.93081936534,0.0,-0.0189,0.20955845532346531,59314.20192901671,0.0,-0.0557,0.0824771974736693,23344.651676981597,0.0,-0.0429,0.07262673077677881,20556.539072063988,0.0,283043.70652790833,-0.04201080751518049
2017-01-01,0.0104,0.4044162958855627,113349.0798139977,0.0,-0.0224,0.2359464885101361,66130.66196901156,0.0,-0.0368,0.20383831167781963,57131.43929802889,0.0,0.0244,0.0853232945541026,23914.26117789995,0.0,-0.0391,0.07047560937237887,19752.778394346285,0.0,280278.2206532844,-0.009770525932366048
2017-02-01,0.0256,0.3560319916979735,101878.15016123603,-14013.91,0.0316,0.2552493230641903,73039.30396723234,4671.3,0.0138,0.21896161357460614,62655.61710034169,4671.3,0.0119,0.10108629787255563,28925.72935591696,4671.3,-0.0052,0.06867077379067449,19650.063946695685,0.0,286148.8645314227,0.020945772612851465
2017-03-01,0.0143,0.3550659046287983,103335.0077085417,0.0,0.0134,0.2543308370605649,74018.03064039325,0.0,0.0112,0.21770006937973985,63357.360011865516,0.0,0.0512,0.10447951920235159,30406.726698939907,0.0,0.0134,0.0684236697285454,19913.374803581406,0.0,291030.4998633218,0.017059775302246782
2017-04-01,0.0252,0.3562125303904713,105939.04990279695,0.0,0.0189,0.2535842094900221,75416.97141949668,0.0,0.0213,0.21757226019674888,64706.87178011825,0.0,0.0269,0.10499072705857884,31224.66764714139,0.0,0.0102,0.06764027286417881,20116.491226577935,0.0,297404.0519761312,0.021899945592653403
2017-05-01,0.024,0.3557461344218861,108481.58710046408,0.0,0.0354,0.25607159588121564,78086.73220774686,0.0,0.0033,0.21289495801063657,64920.40445699264,0.0,0.0526,0.10778177946890671,32867.085165381024,0.0,0.0233,0.067505532217355,20585.205472157202,0.0,304941.0144027418,0.025342500804983903
2017-06-01,-0.0073,0.2982663866439686,92553.92497963068,-15247.05,0.0193,0.27319541434504496,84774.24549435638,5082.35,0.0487,0.2365788242256242,73411.8885990482,5082.35,0.0191,0.12463258133810995,38674.269377039804,5082.35,0.0149,0.06732679344725237,20891.925033692343,0.0,310306.2534837674,0.01759435047310376
2017-07-01,-0.0311,0.29888165120569266,89675.49791276417,0.0,-0.0339,0.27296783323629253,81900.39857209769,0.0,-0.0482,0.2328828753029699,69873.43556857407,0.0,0.003,0.12928510963310685,38790.292185170925,0.0,-0.0524,0.06598253062193793,19797.188161926864,0.0,300036.81240053376,-0.03309453473122104
2017-08-01,0.0503,0.2879911059658486,88236.0264007762,-5665.19,0.0097,0.28638502615543443,87743.94835524703,5000.61,-0.0035,0.24352398176525278,74611.98640908407,5000.61,0.0329,0.14763023251918636,45231.62286706305,5000.61,0.0096,0.03446965359427775,10560.969424281364,-9336.64,306384.55345645174,0.021156540776216648
2017-09-01,-0.0242,0.27596403386969026,86100.71456187742,0.0,0.0264,0.2886553062206094,90060.38859182555,0.0,0.0679,0.2553788446067941,79678.14028626088,0.0,0.0065,0.14591558416184805,45525.628415698964,0.0,0.007,0.03408623114105832,10634.896210251334,0.0,311999.7680659141,0.018327342374524935
2017-10-01,0.0261,0.2749493479643802,89628.51601194243,1248.0,0.0564,0.2905079289915579,94700.33210840452,-416.0,0.041,0.25311798995237783,82511.88803799757,-416.0,0.0674,0.1477076322321709,48150.01737091708,-416.0,0.0335,0.03371710085951321,10991.165233294754,0.0,325981.91876255634,0.04481461888038418
2017-11-01,-0.0099,0.27655845527938766,90387.24485442419,1662.51,0.0147,0.2922941161447383,95530.11069139806,-554.17,0.016,0.25477884113275995,83269.04152660554,-554.17,-0.0168,0.1431827585386761,46796.23713508567,-554.17,-0.0132,0.03318582890443787,10846.081852215264,0.0,326828.71605972876,0.0025976817989994405
2017-12-01,0.0429,0.28325213787345416,95423.74899667899,1111.22,0.0304,0.29105538492806754,98052.55559241655,-370.41,0.0125,0.24914898061808338,83934.8644206881,-370.41,0.0429,0.1437206056897094,48417.49511918084,-370.41,0.0195,0.03282289089068556,11057.580448333461,0.0,336886.24457729794,0.030773087012743172
2018-01-01,-0.0087,0.280088812954783,94593.56238040788,0.0,0.0144,0.29451155560916936,99464.51239294735,0.0,-0.015,0.24480078464399474,82675.84145437778,0.0,0.0401,0.149111656739309,50359.036673459996,0.0,-0.0383,0.03148719005274382,10634.07511716229,0.0,337727.0280183553,0.00249574880123804
2018-02-01,0.002,0.2846047684338951,94782.7495051687,0.0,-0.0178,0.2933465312595359,97694.04407235289,0.0,-0.0172,0.24398135617589037,81253.81698136248,0.0,-0.0382,0.1454370497129336,48435.321472533826,0.0,0.0219,0.032630294417744975,10866.961362228145,0.0,333032.89339364605,-0.013899197385096818
2018-03-01,0.0266,0.2869946739670934,97303.97064200618,0.0,-0.0061,0.2863874963602625,97098.11040351154,0.0,0.0314,0.2471804810600169,83805.18683457727,0.0,0.0268,0.14668689679794092,49733.38808799773,0.0,0.0218,0.03275045181468635,11103.861119924719,0.0,339044.5170880174,0.018051140934194798
2018-04-01,0.0332,0.2857910100320727,100534.46246732079,0.0,0.0435,0.28802941001719035,101321.8782060643,0.0,0.0509,0.2503605481674828,88070.87084445725,0.0,0.0113,0.1429755108361602,50295.375373392104,0.0,0.0405,0.03284352094709387,11553.56749528167,0.0,351776.15438651614,0.037551520985645404
2018-05-01,0.0635,0.2780555069887656,106918.40083399566,0.0,0.1012,0.2901673081570934,111575.652280518,0.0,0.1443,0.2620904732476962,100779.49750731244,0.0,0.0496,0.13728747649267237,52790.02599191235,0.0,0.0783,0.0323992351137725,12458.211830162225,0.0,384521.78844390064,0.09308656555897499
2018-06-01,0.0004,0.27392895863912453,107692.05043032925,730.59,0.0418,0.29502521914457314,115985.80499184366,-243.53,0.0432,0.26677390175866017,104879.12130362833,-243.53,-0.0168,0.13141348460050176,51663.714859248226,-243.53,0.0369,0.03285843585714036,12917.919846695211,0.0,393138.6114317447,0.02240919304654998
2018-07-01,-0.0569,0.2703395852022786,103826.06802584352,2398.15,0.0,0.299919383882258,115186.42499184365,-799.38,-0.0224,0.2649296909276792,101748.35509842706,-799.38,-0.0007,0.13234650987445137,50828.729824846756,-799.38,-0.0348,0.03246483011333292,12468.376236030217,0.0,384057.9541769912,-0.02309785147198662
2018-08-01,0.0932,0.27214887521472736,117575.22111785214,3725.36,0.1471,0.30254215834534337,130705.89079914386,-1241.79,0.1614,0.27018858201770385,116728.32470531319,-1241.79,0.0715,0.12298445538906119,53132.406022323295,-1241.79,0.1135,0.03213592903316421,13883.536938819647,0.0,432025.37958345213,0.12489632068486056
2018-09-01,-0.042,0.27996088252879103,115906.71583090235,3413.0,-0.0289,0.3039143471851385,125823.69921804861,-1137.67,-0.0581,0.2629760960778363,108874.8376669345,-1137.67,-0.0387,0.120727740716666,49982.53973825939,-1137.67,-0.0332,0.03242093349156825,13422.603512450834,0.0,414010.3959665957,-0.04169890119470765
2018-10-01,-0.0596,0.3023113278160762,108998.67556738057,0.0,-0.1426,0.29921208357140877,107881.23970955488,0.0,-0.1799,0.24764384151149885,89288.25437065298,0.0,-0.1594,0.11653084764201317,42015.32290398084,0.0,-0.0786,0.034301899459002846,12367.5868763722,0.0,360551.0794279415,-0.12912554143439314
2018-11-01,0.0479,0.2989651605573261,114219.7121270581,0.0,0.0604,0.2994299016859651,114397.26658801199,0.0,0.0598,0.24768389448489397,94627.69198201803,0.0,0.0929,0.12018981086461081,45918.546401760665,0.0,0.042,0.033731232407204124,12887.025525179832,0.0,382050.2426240286,0.05962861969571165
2018-12-01,0.057,0.32986567411927137,120730.2357183004,0.0,-0.085,0.28599459017774403,104673.49892803097,0.0,-0.1161,0.22852959923427418,83641.41694290574,0.0,-0.042,0.12019176622987182,43989.96745288672,0.0,0.0059,0.03541837023883852,12963.058975778393,0.0,365998.17801790225,-0.04201558542634665
2019-01-01,-0.0215,0.31397103800937876,118134.53565035695,0.0,0.0243,0.2849552249049797,107217.06495198212,0.0,0.0571,0.23499042380752974,88417.34185034565,0.0,0.0478,0.1225024416783407,46092.6878971347,0.0,-0.0487,0.04358087159977095,16397.71,0.0,376259.34034981945,0.028036102221840276
2019-02-01,0.0046,0.30686806727784327,118677.95451434859,0.0,0.0409,0.2885722519009945,111602.24290851818,0.0,0.0632,0.24307151502685928,94005.31785528749,0.0,-0.0046,0.11863458540060537,45880.661532807884,0.0,0.0107,0.04285358039369762,16573.165496999998,0.0,386739.3423079621,0.027853134352489706
2019-03-01,0.0303,0.3031903266102265,122273.89653613335,0.0,0.0659,0.2949653309420857,118956.83071618952,0.0,0.0225,0.23834021542825948,96120.43750703146,0.0,0.059,0.12047785312403372,48587.62056324355,0.0,0.047,0.0430262738953945,17352.104275358997,0.0,403290.8895979569,0.042797681744038085
2019-04-01,0.0045,0.29511841309495035,122824.12907054595,0.0,0.051,0.3004033107620926,125023.62908271518,0.0,0.0456,0.24148709498977525,100503.5294573521,0.0,0.035,0.12083106259881406,50288.18728295708,0.0,0.0112,0.042160118554367826,17546.44784324302,0.0,416185.9227368133,0.03197452129829048
2019-05-01,0.0267,0.313485330321221,126103.53331672953,0.0,-0.0569,0.2931161942687681,117909.78458790868,0.0,-0.0698,0.23240614982671193,93488.38310122892,0.0,-0.0645,0.11694986915239808,47044.599203206344,0.0,0.0097,0.04404245643090084,17716.648387322475,0.0,402262.94859639596,-0.03345373637066029
2019-06-01,0.0356,0.3172492467773502,130592.81910280511,0.0,0.0253,0.2936852302254889,120892.90213798278,0.0,0.0226,0.23224412660517468,95601.22055931669,0.0,0.011,0.11554262528451066,47562.089794441614,0.0,-0.0409,0.04127877110747557,16992.037468280985,0.0,411641.06906282715,0.023313408553171433
2019-07-01,-0.0051,0.31698748543959593,129926.7957253808,0.0,0.0057,0.2966283406149303,121581.99168016927,0.0,-0.0006,0.23310209188689815,95543.85982698109,0.0,-0.0337,0.11212857343752472,45959.24736836893,0.0,-0.0073,0.04115350862105074,16867.995594762535,0.0,409879.8901956627,-0.00427843332341471
2019-08-01,0.1837,0.3401704489934558,153794.34810013324,0.0,0.0797,0.29035450084307896,131272.07641707876,0.0,0.0453,0.22090214868895655,99871.99667714334,0.0,0.058,0.10755108188414365,48624.88371573433,0.0,0.0995,0.04102181959036501,18546.361156441406,0.0,452109.6660665311,0.10302963595191117
2019-09-01,-0.0337,0.28037407440095136,126767.80324515876,-22605.48,0.015,0.3116068802632654,140889.34496333494,7535.16,0.0147,0.2410459109693427,108986.04188029734,7535.16,0.0148,0.12604823942784482,56991.212362727194,7535.16,-0.0023,0.04092489493859582,18503.70452578159,0.0,452138.1069772998,6.290710618106488e-05
2019-10-01,-0.0148,0.2807926817449829,124891.63975713041,0.0,-0.0215,0.30994982603553695,137860.22404662325,0.0,-0.015,0.24135679366827786,107351.25125209289,0.0,-0.001,0.1280046660525973,56934.221150364465,0.0,-0.041,0.03989603249860497,17745.052640224545,0.0,444782.3888464356,-0.01626874182324456
2019-11-01,0.0164,0.26870790470385064,126939.86264914736,0.0,0.0862,0.3169795151779304,149743.77535944217,0.0,0.0931,0.2483987599861096,117345.65274366274,0.0,0.0494,0.12647272097681111,59746.77167519247,0.0,0.05,0.03944109915529842,18632.30527223577,0.0,472408.36769968044,0.062111224603325965
2019-12-01,-0.0057,0.28131945630097144,131524.0876350472,5338.21,-0.0134,0.3122430264619624,145981.65272962564,-1779.4,-0.0177,0.24281172092844822,113520.73007009992,-1779.4,0.0118,0.12545060379010414,58651.38666095974,-1779.4,-0.0421,0.0381751925185138,17847.885220274646,0.0,467525.74231600715,-0.010335603087321399
2020-01-01,0.1061,0.2954372601330547,145478.7933331257,0.0,0.0539,0.31243757445635933,153850.06381175245,0.0,0.0229,0.23581635974871484,116120.35478870521,0.0,-0.0093,0.11800109142033258,58105.92876501281,0.0,0.0569,0.03830771424153845,18863.429889308274,0.0,492418.5705879045,0.05324375968814987
2020-02-01,0.0547,0.31095414440501334,153436.48332844768,0.0,-0.0315,0.3019708483466902,149003.78680168226,0.0,-0.0361,0.22683394591167985,111928.40998083295,0.0,0.0175,0.11981814138361689,59122.782518400534,0.0,0.0574,0.040422919952999785,19946.19076495457,0.0,493437.65339431795,0.002069545844294085
2020-03-01,0.1499,0.3463187310971675,176436.61217938198,0.0,0.0128,0.2962158341097636,150911.0352727438,0.0,-0.0945,0.19893722719988444,101351.17523764423,0.0,-0.0249,0.11315957119824935,57650.625233692364,0.0,0.1588,0.045368636394935075,23113.645858429354,0.0,509463.09378189174,0.0324771331845799
2020-04-01,0.099,0.3375771314983734,193903.8367851408,0.0,0.1575,0.30410853851219966,174679.52332820094,0.0,0.1694,0.2063376568637021,118520.06432290116,0.0,0.1027,0.11067461304070335,63571.34444519257,0.0,0.0264,0.04130206008502149,23723.84610909189,0.0,574398.6149905274,0.1274587345014544
2020-05-01,0.0396,0.3332649878065403,201582.42872183237,0.0,0.0589,0.3057975227775255,184968.14725223198,0.0,0.0798,0.21157883337148545,127977.96545586867,0.0,0.0432,0.10963923361487946,66317.62652522488,0.0,0.0127,0.03971942242956922,24025.138954677357,0.0,604871.3069098353,0.0530514717898658
2020-06-01,0.0302,0.2836117777993848,176513.2922552317,-30243.57,0.0182,0.3190982471759304,198599.2351902226,10081.19,0.0306,0.22861367096984914,142283.76561281827,10081.19,0.0597,0.1300817624126765,80959.8258717808,10081.19,-0.0002,0.03859454164215908,24020.333926886422,0.0,622376.4528569399,0.02894028158904538
2020-07-01,0.0569,0.29494136615573585,186556.89858455438,0.0,0.0062,0.3159266475594382,199830.55044840198,0.0,-0.0185,0.22078523609805653,139651.51594898113,0.0,0.0323,0.13212952298496003,83574.82824743932,0.0,-0.0463,0.03621722720180923,22908.19246607158,0.0,632521.9856954485,0.016301280024231035
2020-08-01,0.0416,0.2833432796873439,194317.66556567184,0.0,0.1189,0.3260271673136151,223590.40289671696,0.0,0.1029,0.22458586713284076,154021.6569401313,0.0,0.0759,0.13111368765794015,89918.15771141996,0.0,0.0457,0.03492999820826014,23955.096861771053,0.0,685802.9799757111,0.0842357980990669
2020-09-01,0.0017,0.2811228193287743,194648.00559713348,0.0,0.0042,0.3242795166288996,224529.48258888317,0.0,0.0073,0.2240715748444802,155146.01503579426,0.0,0.0347,0.13437175541978147,93038.31778400623,0.0,0.045,0.03615433377806447,25033.07622055075,0.0,692394.8972263678,0.009611969389357489
2020-10-01,0.0221,0.28093905677747466,198949.72652083013,0.0,-0.0023,0.31633126732765,224013.06477892873,0.0,0.0487,0.22975272263486193,162701.62596803744,0.0,0.0405,0.13670131975713684,96806.36965425848,0.0,0.0262,0.036275633502876437,25688.94281752918,0.0,708159.729739584,0.022768556753332225
2020-11-01,-0.1251,0.24769753197479186,174061.1157330743,0.0,0.0242,0.326496128281032,229434.1809465788,0.0,0.0934,0.2531575470668357,177897.95783345212,0.0,0.0079,0.13884853295275648,97571.13997452712,0.0,-0.0754,0.03380025972458404,23751.99652908748,0.0,702716.3910167197,-0.007686597379472526
2020-12-01,0.0389,0.28351983962697946,205142.83102909086,23400.46,0.0087,0.3089767992406798,223562.39832081404,-7800.0,0.0534,0.24763927480542403,179181.18878175848,-7800.0,0.0312,0.1279401202194528,92571.99954173237,-7800.0,-0.0275,0.031923966107463946,23098.816624537572,0.0,723557.2342979333,0.02965754541609611
2021-01-01,0.019,0.27450500809239553,209040.54481864357,0.0,0.0356,0.304025873749664,231521.21970103504,0.0,0.098,0.2583535879304985,196740.9452823708,0.0,0.0805,0.13134821019798618,100024.04550484182,0.0,0.0473,0.031767320029455676,24191.3906508782,0.0,761518.1459577695,0.05246428321136154
2021-02-01,-0.0466,0.2607399155150021,203292.4283200948,4188.35,0.0427,0.3077582332531356,239951.44145826923,-1396.12,0.0793,0.27041476762639194,210835.66992726282,-1396.12,0.0242,0.12956001419098037,101014.721302059,-1396.12,0.0161,0.03152706941448994,24580.87204035734,0.0,779675.1330480432,0.023843144364521285
2021-03-01,0.0286,0.2729786325726891,224584.68684804952,15047.73,0.088,0.31068916830471494,255609.8582265969,-5015.91,0.0563,0.26425478506164085,217407.41241116772,-5015.91,0.0361,0.12089714420821607,99464.36839006332,-5015.91,0.0436,0.03118026985273918,25652.59806131692,0.0,822718.9239371943,0.05520734093554669
2021-04-01,-0.0422,0.280959122438331,220623.21199706182,5759.03,-0.027,0.31434635472923994,246840.5434144788,-1919.68,-0.0589,0.258255904243531,202795.50497214994,-1919.68,-0.0643,0.11623373403161973,91272.56492658226,-1919.68,-0.0754,0.03020488455727831,23718.392167493625,0.0,785250.2174777664,-0.045542536301605874
2021-05-01,0.056,0.29468187570970955,232978.11186889728,0.0,-0.0129,0.3081881600623101,243656.30040443203,0.0,-0.0157,0.2524783328790888,199611.6155440872,0.0,-0.0021,0.11520347572468463,91080.89254023644,0.0,-0.0184,0.0294481556242069,23281.973751611742,0.0,790608.8941092647,0.006824164466595617
2021-06-01,-0.1202,0.2765802533471181,204974.14282225582,0.0,-0.0333,0.31762123492666877,235389.69099696443,-158.12,-0.0381,0.25887711967771465,191854.31736385747,-158.12,-0.0495,0.11661297704974583,86422.09529949474,-158.12,-0.0545,0.030308414998752534,22461.6230171489,474.37,741101.8694997214,-0.06261885614798213
2021-07-01,0.051,0.28871640032194756,218854.97745619086,3260.85,0.0488,0.32417914610126786,245736.71475761628,-1086.95,-0.0117,0.24871839574274543,188535.38916570033,-1086.95,-0.0406,0.10800470436682744,81870.53840033527,-1086.95,0.0253,0.030381353467211773,23029.902079482767,0.0,758027.5218593255,0.022838496374364414
2021-08-01,0.0198,0.2839272735445329,223188.30600982343,0.0,0.0498,0.3281801373955343,257974.40315254556,0.0,0.0427,0.2500851656889709,196585.85028307574,0.0,0.0362,0.10792123598706391,84834.2518904274,0.0,0.0201,0.029886187383898016,23492.80311128037,0.0,786075.6144471525,0.037001417203202935
2021-09-01,0.0118,0.2852423171499187,225821.92802073935,0.0,-0.0051,0.3175700355646342,251415.2823794676,-5270.33,0.0114,0.2444111402927086,193496.51721430282,-5270.33,0.0041,0.1009115772361053,79890.13397017815,-5270.33,0.0447,0.0518649297566331,41060.6622163546,15810.98,791684.5238010426,0.007135330559560504
2021-10-01,0.0583,0.27901308812588443,238987.34642434845,0.0,0.1147,0.32718948852859864,280252.61526839255,0.0,0.0869,0.24553443590994609,210311.36456022575,0.0,0.0538,0.09828811643840506,84188.22317777373,0.0,0.0425,0.04997487099716573,42805.740360549666,0.0,856545.2897912902,0.08192754063049956
2021-11-01,-0.0131,0.35430809989986267,295863.5863361895,60803.5,-0.0165,0.3034939055374829,253431.39304146403,-22569.45,-0.0512,0.21331700724903654,178129.5285347422,-22569.45,-0.0488,0.0780551788941102,65179.670366698374,-15664.6,-0.0085,0.0508258084195076,42441.89156748499,0.0,835046.0698465791,-0.025099921978380957
2021-12-01,0.0259,0.3052438204942845,260692.7686522968,-41752.3,0.0383,0.32502669120591554,277588.2829639521,13917.43,0.0145,0.22812736341438689,194831.63943349593,13917.43,-0.0049,0.09216057704529677,78709.52457490156,13917.43,-0.0051,0.04944154784011611,42225.43792049082,0.0,854047.6535451374,0.022755132183365
2022-01-01,-0.0538,0.3137021698350813,246667.49769880323,0.0,-0.0873,0.32220685478349886,253354.8258611991,0.0,-0.1285,0.21593968867496527,169795.7737662917,0.0,-0.0368,0.09641605496281386,75813.01407054518,0.0,-0.0366,0.051735231743640746,40679.98689260086,0.0,786311.09828944,-0.07931238376983307
2022-02-01,0.0219,0.3307910336585619,252069.51589840703,0.0,-0.0683,0.30976951686410964,236050.6912548792,0.0,-0.0282,0.21653952160832748,165007.53294608227,0.0,-0.0797,0.09156016927854939,69770.71684912272,0.0,-0.0383,0.0513397585904515,39121.943394614245,0.0,762020.4003431055,-0.03089196883927625
2022-03-01,-0.0625,0.3306834596480475,236315.1711547566,0.0,-0.0429,0.31614292104126707,225924.1166000449,0.0,-0.0671,0.21540696072485158,153935.52748540015,0.0,-0.1072,0.08716622452778941,62291.296002896765,0.0,-0.0757,0.05060043405804441,36160.41227964195,0.0,714626.5235227403,-0.062195023649006975
2022-04-01,0.0135,0.395646822609537,275719.1289203458,35731.33,-0.0558,0.28536611487292457,198866.4943577624,-15305.08,-0.0672,0.1855615310020101,129314.48141438125,-15305.08,-0.0283,0.07971536899000421,55552.20172001479,-5121.18,0.0351,0.05371016252552402,37429.64275065738,0.0,696881.9491631617,-0.02483055662712752
2022-05-01,-0.0674,0.4372012263471586,289446.2767551145,34645.74,-0.0374,0.2638170965852161,174658.4221387821,-17422.05,-0.0356,0.1629938870491708,107909.06085602927,-17422.05,-0.0316,0.08154877325498257,53988.843969662325,198.36,-0.0371,0.05443901676347202,36041.00300460799,0.0,662043.6067241961,-0.049991741758845354
2022-06-01,0.0728,0.4631592928021877,319608.1648548869,8473.34,-0.0013,0.2288229483413286,157901.7926070017,-16551.09,-0.0036,0.1319145439768075,91029.08216094757,-16551.09,0.0252,0.0802093768805914,55349.362837697816,0.0,0.0907,0.09589383799908494,66172.59776512593,24628.84,690061.0002256598,0.04231955903946316
2022-07-01,-0.0229,0.429646808319926,303388.91962870996,-9108.81,0.0915,0.23825810321128507,168242.53579054237,-3762.96,0.106,0.13668242618389934,96516.331110008,-3762.96,-0.0032,0.0781326455431986,55172.24487661718,0.0,0.0001,0.11728001674169082,82815.59849690244,16634.72,706135.62990278,0.02329450537251576
2022-08-01,-0.0422,0.44823110617659745,304383.1790463784,14405.17,-0.0537,0.22216366272431226,150866.10678459026,-8815.18,-0.0315,0.12507953625777174,84938.56485004275,-8815.18,-0.0248,0.0811247148413026,55089.881675677076,1318.61,-0.0109,0.12340098000001608,83798.69686028622,1906.57,679076.4292169746,-0.0383201180338838
2022-09-01,0.0226,0.46277444232369525,312512.2037768266,1222.34,-0.0449,0.2138869232546068,144438.12715696217,362.17,-0.0531,0.11960773706847494,80771.26582950547,362.17,-0.068,0.07653074064039275,51681.31216173103,362.17,0.0541,0.1272001567128304,85898.4370344277,-2308.86,675301.3459594529,-0.005559143411699163
2022-10-01,-0.0353,0.4326764228101946,293141.79124150466,-8643.86,0.0596,0.23293738316844612,157816.96933151712,4502.01,0.0907,0.13727888823766035,93007.56194724161,4502.01,-0.0382,0.07975862929426315,54037.11925515291,4502.01,-0.0189,0.11734867648943594,79504.68158747701,-4862.17,677508.1233628932,0.0032678409670647834
2022-11-01,0.0774,0.43590158816686775,315830.96588359715,0.0,0.0485,0.22837884735812033,165471.0923440957,0.0,0.0169,0.13053598491201432,94579.38974415,0.0,0.1501,0.16131513478775733,116880.31476535136,47589.1,-0.0041,0.04386844477524017,31784.727702968354,-47589.1,724546.4904401626,0.06942849163754494
2022-12-01,0.0342,0.45658638984068217,326632.3849168162,0.0,-0.056,0.21835233872682472,156204.71117282633,0.0,-0.0665,0.12341687611939518,88289.86032616402,0.0,-0.038,0.15717380399578812,112438.862804268,0.0,0.0009,0.04447059131730996,31813.333957901024,0.0,715379.1531779754,-0.012652517655034057
2023-01-01,0.0239,0.402818404596004,297815.06077232806,-35768.96,0.0276,0.23368240782499541,172768.02572519632,11922.99,0.0629,0.14407163019174904,106516.23861167974,11922.99,0.0562,0.17766259257147235,131350.98893186788,11922.99,-0.0294,0.04176496481577912,30878.021939538736,0.0,739328.3359806108,0.03347760791776544
2023-02-01,-0.037,0.3988568524491908,286795.90352375194,0.0,-0.01,0.23787164669008806,171040.34546794437,0.0,-0.001,0.14798763306672952,106409.72237306806,0.0,-0.0604,0.17164077585886695,123417.38920038306,0.0,0.0163,0.043643091935124695,31381.333697153215,0.0,719044.6942623006,-0.02743522834331369
2023-03-01,0.0555,0.4144067279405176,302713.07616932015,0.0,0.0138,0.2373812804695873,173400.702235402,0.0,-0.0714,0.1352712819022148,98812.068195631,0.0,0.011,0.1708138678531822,124774.98048158726,0.0,-0.0194,0.042126841834498156,30772.535823428443,0.0,730473.3629053688,0.01589423958519487
2023-04-01,-0.0125,0.4171517467120307,298929.16271720367,0.0,-0.0086,0.2398974033737648,171909.45619617752,0.0,-0.0405,0.13230636849663302,94810.17943370795,0.0,-0.0311,0.16870666766891673,120894.4785886099,0.0,-0.0234,0.04193781374865467,30052.458485160216,0.0,716595.7354208593,-0.01899812941749568
2023-05-01,-0.0019,0.41574267191343406,298361.197308041,0.0,0.0143,0.24296765022490754,174367.76141978285,0.0,0.0035,0.1325728543452393,95142.01506172592,0.0,-0.0125,0.16635115952231894,119383.29760625228,0.0,0.0117,0.042365663994100085,30404.07224943659,0.0,717658.3436452387,0.0014828559142279207
2023-06-01,-0.057,0.3974788774365672,281354.60906148265,0.0,0.0267,0.25291219721937713,179023.38064969104,0.0,0.0393,0.13969256544153494,98881.09625365175,0.0,-0.0011,0.1684711748717853,119251.9759788854,0.0,-0.0351,0.04144518503073549,29336.889313481366,0.0,707847.9512571922,-0.01367000394396034
2023-07-01,-0.0018,0.44282866167804685,316176.864445172,35392.4,0.0051,0.23540651437346946,168078.76279400446,-11797.47,0.0343,0.12615040935515373,90070.594634152,-11797.47,0.0337,0.15556961693642735,111075.72283037384,-11797.47,-0.0254,0.040044797656902505,28591.73232491894,0.0,713993.6770286213,0.0086822682194867
2023-08-01,0.0199,0.4490265712634117,322468.78404763096,0.0,0.015,0.2375544914966622,170599.94423591453,0.0,-0.0192,0.12301210445532715,88341.23921717629,0.0,-0.0351,0.14924019773294578,107176.96495902771,0.0,0.034,0.041166635051653085,29563.851223966183,0.0,718150.7836837157,0.005822329789242353
2023-09-01,-0.0199,0.4480443808507453,316051.6552450831,0.0,-0.0213,0.23669628356247605,166966.16542368956,0.0,-0.036,0.12072674370025982,85160.95460535794,0.0,-0.0033,0.15143591242268187,106823.28097466292,0.0,0.0283,0.04309667946383677,30400.508213604426,0.0,705402.5644623981,-0.017751452077969465
2023-10-01,0.0762,0.4740971723179111,340134.7913747584,0.0,-0.0193,0.22823432316110953,163743.71843101236,0.0,-0.0666,0.1107961388027219,79489.2350286411,0.0,-0.0303,0.14438418193342528,103586.53556113063,0.0,0.0027,0.04248818378483208,30482.58958578116,0.0,717436.8699813237,0.017060195305778736
2023-11-01,-0.0024,0.3383610619085873,250500.25441145897,-89031.89,0.0585,0.2765455892020311,204736.14800922657,29677.3,0.0613,0.1564947952186246,115858.44362589679,29677.3,0.0476,0.18857321549707654,139607.19413384044,29677.3,-0.0279,0.04002533817368045,29632.125336337864,0.0,740334.1655167607,0.03191541513057872
2023-12-01,0.0019,0.33025325289368535,250976.20489484075,0.0,0.0328,0.27824368306549624,211451.4936639292,0.0,0.1049,0.16844775210963175,128011.99436225336,0.0,0.0053,0.18467922239253354,140347.1122627498,0.0,-0.0158,0.038376089538653284,29163.937756023726,0.0,759950.7429397968,0.02649692306087692
2024-01-01,0.0094,0.33115976305249856,253335.38122085226,0.0,0.0373,0.2867192487630457,219338.63437759376,0.0,-0.0188,0.16419121558179442,125605.368868243,0.0,-0.0252,0.17883837563217633,136810.3650337285,0.0,0.0254,0.03909139697048499,29904.70177502673,0.0,764994.4512754442,0.006636888485872516
2024-02-01,0.0053,0.3215690938409803,254678.05874132278,0.0,0.0547,0.2920968356503417,231336.45767804814,0.0,0.0593,0.1680002571703212,133053.7672421298,0.0,0.0447,0.1804651585362373,142925.78835073617,0.0,0.0029,0.03786865480211965,29991.425410174306,0.0,791985.4974224111,0.0352826691774899
2024-03-01,0.0977,0.3347574803908179,279560.10508035,0.0,0.0364,0.2870956292732274,239757.1047375291,0.0,0.0376,0.1653149895441253,138056.5888904339,0.0,0.0326,0.1767249276156762,147585.16905097017,0.0,0.0054,0.03610697317615315,30153.379107389246,0.0,835112.3468666725,0.05445408985975342
2024-04-01,0.0496,0.2971135340245128,249599.58754033537,-41755.62,-0.0175,0.2966811157655813,249236.32095462235,13918.54,-0.045,0.17276448254634272,145136.2480903644,13918.54,0.0229,0.1966501359736409,165202.1439882374,13918.54,0.025,0.036790731689922335,30907.213585073976,0.0,840081.5141586334,0.005950297957640238
2024-05-01,0.0352,0.29306654914454533,258385.4930217552,0.0,0.0656,0.30123377726527306,265586.22360924556,0.0,0.068,0.17581068600430955,155005.51296050916,0.0,0.0366,0.19423388982613762,171248.54245820688,0.0,0.0171,0.03565509775973426,31435.726937378742,0.0,881661.4989870957,0.04949517889356936
2024-06-01,0.0569,0.2896298669787816,273087.62757469306,0.0,0.0938,0.3080950941201074,290498.2113837928,0.0,0.0424,0.17136529289873756,161577.74671003476,0.0,0.0774,0.19567943026995904,184503.17964447208,0.0,0.0567,0.03523031573241438,33218.13265472812,0.0,942884.8979677209,0.06944093515590977
2024-07-01,0.0734,0.2935753205745132,293132.25943867554,0.0,0.0318,0.30018909709147235,299736.0545057974,0.0,0.1257,0.18216298815430074,181888.06947148612,0.0,0.0289,0.19012225226617907,189835.32153619733,0.0,0.0205,0.03395034191353466,33899.10437415005,0.0,998490.8093263065,0.05897423055394957
2024-08-01,0.0258,0.296573458004654,300695.07173219335,0.0,0.026,0.30331390321952173,307529.1919229481,0.0,-0.0138,0.17691928779868676,179378.0141127796,0.0,0.0129,0.18964856640318006,192284.19718401428,0.0,0.0033,0.033544784573957515,34010.97141858474,0.0,1013897.44637052,0.015429923741219653
2024-09-01,0.0159,0.30209144211886635,305476.1233727352,0.0,-0.0152,0.29949911183853156,302854.7482057193,0.0,-0.0312,0.1718559186345882,173781.4200724609,0.0,0.0207,0.19408986589573726,196264.4800657234,0.0,-0.0348,0.03246366151227658,32827.389613217994,0.0,1011204.1613298568,-0.00265636830460958
2024-10-01,0.105,0.3142729822612195,337551.11632687243,0.0,0.0504,0.29618059294243954,318118.62751528755,0.0,0.0459,0.1692236284851441,181757.98725378685,0.0,0.0283,0.18790097866174216,201818.76485158337,0.0,0.0608,0.032421817649454614,34823.29490170165,0.0,1074069.7908492319,0.06216907714926645
2024-11-01,0.0078,0.29764534445488794,340184.01503422204,0.0,0.103,0.30700807880588044,350884.84614936216,0.0,0.1588,0.1842838100743168,210621.1556296882,0.0,0.0153,0.17928383006777746,204906.5919538126,0.0,0.043,0.03177893659713743,36320.69658247482,0.0,1142917.3053495598,0.06409966567060077
2024-12-01,0.017,0.3046600669392549,345967.1432898038,0.0,0.0014,0.3094232028478062,351376.0849339713,0.0,-0.0617,0.17403010622317264,197625.83032733644,0.0,-0.0071,0.17916043920758412,203451.75515094053,0.0,0.0232,0.03272618478218212,37163.336743188236,0.0,1135584.1504452403,-0.0064161727799515456
2025-01-01,0.0136,0.31324818401840665,350672.29643854516,0.0,-0.0235,0.3065007571815496,343118.74693802296,0.0,-0.0254,0.17205100714628593,192606.1342370221,0.0,-0.0287,0.17652325786971157,197612.68977810853,0.0,-0.0458,0.031676793784046094,35461.25592035022,0.0,1119471.123312049,-0.01418919692289966
2025-02-01,0.0154,0.3214173196326483,356072.64980369876,0.0,-0.0199,0.30356066462219616,336290.6838739563,0.0,-0.0577,0.16382869220031143,181492.76029154594,0.0,0.0056,0.1793786506745285,198719.32084086593,0.0,-0.0061,0.031814672870315586,35244.94225923608,0.0,1107820.357069303,-0.010407384344382375
2025-03-01,0.0779,0.35033063479570586,383810.7092234069,0.0,-0.0707,0.28525403815808087,312514.9325240676,0.0,-0.0836,0.15181175955624485,166319.9655311727,0.0,-0.0028,0.18087701891522037,198162.9067425115,0.0,-0.0138,0.03172654857474813,34758.56205605862,0.0,1095567.0760772172,-0.011060711164851189
2025-04-01,0.0277,0.36412929755277046,394442.2658688953,0.0,-0.0315,0.2794104063925236,302670.71214955946,0.0,-0.0467,0.14636800645111916,158552.82314086694,0.0,-0.0227,0.1787814442072293,193664.6087594565,0.0,-0.0242,0.03131084539635748,33917.404854301996,0.0,1083247.8147730802,-0.011244643594299442
2025-05-01,0.0082,0.352804634920645,397676.6924490202,0.0,0.0703,0.2873955689818443,323948.4632136735,0.0,0.0611,0.14925690706015807,168240.40063477392,0.0,0.0488,0.1801968046020926,203115.44166691796,0.0,0.0085,0.03034608443526,34205.702795563564,0.0,1127186.7007599492,0.04056217366667236
2025-06-01,-0.029,0.3425812526971693,386144.06836799864,0.0,0.0147,0.29162705325748944,328710.5056229145,0.0,0.0173,0.15184257620780345,171150.9595657555,0.0,0.0245,0.18461591172349376,208091.76998775746,0.0,-0.0334,0.029333206114043955,33063.23232219174,0.0,1127160.535866618,-2.321256391124571e-05
2025-07-01,0.0139,0.3872902442132957,447852.90029631386,55569.02,0.0401,0.2787610975213944,322352.4678973934,-18786.01,0.035,0.136372432856635,157697.72280055695,-18786.01,0.0248,0.16776606238910913,194000.54283545385,-18786.01,0.0183,0.029810163019565815,34471.73835668785,789.01,1156375.3721864058,0.025918966633555973
2025-08-01,0.0177,0.39118720165815424,455779.8966315586,0.0,-0.0102,0.2672356541291331,311361.51259283995,-7782.34,0.0412,0.13397070092990865,156091.8965719399,-7782.34,-0.0027,0.15939600127656425,185715.41368779814,-7782.34,-0.0285,0.04821044200623976,56170.933458522246,23347.03,1165119.6529426589,0.007561801268492818
2025-09-01,0.1001,0.40874447098481126,501403.46428437764,0.0,0.0175,0.2582640202291619,316810.33906321466,0.0,0.0111,0.1286586614393178,157824.51662388843,0.0,0.0525,0.15934359654446217,195465.47290640755,0.0,-0.0175,0.044989250802246764,55187.94212299811,0.0,1226691.7350008865,0.05284614494547357
2025-10-01,0.049,0.41205194585258476,525972.2340343122,0.0,0.0341,0.25665577180848176,327613.5716252703,0.0,0.029,0.12722691413006565,162401.42760598118,0.0,0.0471,0.16034202536051523,204671.89668029934,0.0,0.0113,0.04372334284835264,55811.565868987986,0.0,1276470.695814851,0.04057984528111991
2025-11-01,0.0488,0.37476109794769563,484701.5503031867,-63823.54,-0.0036,0.26878185472967797,347632.0845314193,21274.51,0.0053,0.1427670684352814,184649.4200752929,21274.51,-0.0225,0.1707663512022242,220862.61252999262,21274.51,-0.0053,0.0429236276851209,55515.76456988235,0.0,1293361.4320097738,0.013232372862379327
2025-12-01,0.0466,0.3300841397047007,439607.0404853152,-64668.07,0.022,0.2833078532345279,377310.24283111055,21556.02,0.0119,0.15667428902547392,208659.28481218888,21556.02,0.0299,0.18746537861292592,249666.9496426394,21556.02,0.0188,0.04246833942237148,56559.46094379613,0.0,1331802.9787150503,0.029722199652684633
2026-01-01,0.0742,0.29742879717752785,400694.7437593256,-66590.15,-0.0395,0.28483351632985215,383726.4377992817,22196.72,-0.0005,0.17127475039154524,230740.5768097828,22196.72,0.0236,0.20656218614208707,278279.6522462057,22196.72,-0.0496,0.03990074995898776,53754.11168098384,0.0,1347195.5222955795,0.011557673189303452
2026-02-01,0.0674,0.3101530778177313,427701.56948870415,0.0,-0.0188,0.27303260512109045,376512.38076865516,0.0,-0.0035,0.16673874498516136,229932.98479094857,0.0,0.0481,0.21150440861380945,291664.90351924824,0.0,-0.0105,0.03857116346220735,53189.69350833351,0.0,1379001.5320758896,0.023609052475258796
2026-03-01,-0.0951,0.29762903368459315,387027.1502303284,0.0,-0.0297,0.28094360774642,365329.9630598261,0.0,-0.0301,0.171499199992996,223012.00194874103,0.0,-0.0722,0.20810015481641372,270606.6974851585,0.0,0.0226,0.04182800375957695,54391.780581621846,0.0,1300367.593305676,-0.05702237230428708
2026-04-01,-0.0603,0.2741415466179891,363689.4130714396,0.0,0.05,0.289147067180129,383596.4612128174,0.0,0.0658,0.1791629281858269,237686.19167696818,0.0,0.0715,0.21856213083161172,289955.07635534735,0.0,-0.0491,0.03898632718444324,51721.14415506421,0.0,1326648.2864716367,0.020210203100457402
2026-05-01,-0.0074,0.3345342560645446,460890.88398871094,100637.49,0.0617,0.26975851366016124,371648.75515864824,-33545.83,0.055,0.1563233369344873,215368.08156920143,-33545.83,0.0825,0.20146706739643275,277563.0091796635,-33545.83,0.01,0.03791682594437415,52238.355596614856,0.0,1377709.0854928389,0.03848857270000616
