data,sp500_retorno,sp500_peso,sp500_saldo,sp500_mov,small_caps_retorno,small_caps_peso,small_caps_saldo,small_caps_mov,emergentes_retorno,emergentes_peso,emergentes_saldo,emergentes_mov,ouro_retorno,ouro_peso,ouro_saldo,ouro_mov,saldo_total,retorno_total
2006-01-01,-0.0225,0.3316594849523293,34212.5,0.0,0.0337,0.20041587700122632,20674.0,0.0,0.0886,0.2638250020599968,27215.0,0.0,0.0527,0.20409963598644765,21054.0,0.0,103155.5,0.031555
2006-02-01,-0.0351,0.33577336825629267,33011.64125,0.0,-0.0324,0.20346958629916298,20004.1624,0.0,-0.0726,0.25671695963113944,25239.191,0.0,-0.0472,0.20404008581340488,20060.2512,0.0,98315.24585,-0.04692192030478248
2006-03-01,0.0345,0.3306723575986256,34150.542873125,0.0,0.071,0.2074484156939454,21424.4579304,0.0,0.0454,0.2554807638348889,26385.0502714,0.0,0.0626,0.2063984628725402,21316.02292512,0.0,103276.07400004499,0.05045838117125534
2006-04-01,-0.0254,0.3198556917678049,33283.11908414763,0.0,-0.0342,0.19885069259201438,20691.74146918032,0.0,0.0256,0.26005547565359516,27060.50755834784,0.0,0.08,0.22123813998658576,23021.304759129598,0.0,104056.67287080537,0.007558370884238386
2006-05-01,0.0627,0.32767463622110876,35369.970650723684,0.0,0.0343,0.19826757496629824,21401.468201573207,0.0,-0.0256,0.24427630378957704,26367.758564854135,0.0,0.0774,0.22978148502301599,24803.153747486227,0.0,107942.35116463725,0.03734194248797729
2006-06-01,-0.0589,0.33105384457457454,33286.67937939606,0.0,-0.0609,0.1998865497420143,20098.1187880974,0.0,-0.057,0.2472937094349799,24864.796326657448,0.0,-0.101,0.22176589624843127,22298.035218990117,0.0,100547.62971314102,-0.06850621069220131
2006-07-01,0.0055,0.32953968180363175,33469.75611598274,0.0,-0.0281,0.1923234146206537,19533.361650151863,0.0,0.0239,0.2506672631999212,25459.06495886456,0.0,0.0361,0.22746964037579345,23102.99429039566,0.0,101565.17701539482,0.01012005260747384
2006-08-01,0.0027,0.33229601431030537,33560.12445749589,0.0,0.0112,0.19557602781930092,19752.135300633563,0.0,-0.0027,0.2514026421709482,25390.325483475626,0.0,-0.0351,0.2207253156994454,22292.079190802775,0.0,100994.66443240787,-0.0056172066032088575
2006-09-01,0.0444,0.3414786936271602,35050.19398340871,0.0,0.0227,0.1968047123881093,20200.508771957946,0.0,0.0105,0.24996417595776985,25656.92390105212,0.0,-0.025,0.2117524180269606,21734.777211032706,0.0,102642.40386745149,0.016315113717184415
2006-10-01,0.0159,0.33777895203710795,35607.49206774491,0.0,0.0428,0.19982716547769008,21065.090547397747,0.0,0.0544,0.25662631102510775,27052.660561269357,0.0,-0.002,0.20576757146009417,21691.30765661064,0.0,105416.55083302266,0.027027299254931636
2006-11-01,0.0294,0.33011457034212555,36654.35233453661,0.0,0.0372,0.1967727619566869,21848.711915760945,0.0,0.0734,0.26152349856769397,29038.325846466527,0.0,0.0831,0.21158916913349363,23493.855322874984,0.0,111035.24541963906,0.05329992816323759
2006-12-01,-0.0032,0.4410708611910607,48887.74931906609,12390.34,-0.0161,0.19394791837951478,21496.947653917196,0.0,0.0236,0.26816998967687716,29723.630336443137,0.0,-0.0336,0.0968112307525474,10730.437208026386,-12390.34,110838.7645174528,-0.001769536343560918
2007-01-01,0.0112,0.450666281827429,50436.06663943963,989.69,0.014,0.20085071411023972,22478.096121072034,670.8,-0.0017,0.2471761706625841,27662.583862871186,-2013.94,0.0229,0.1013068333997472,11337.69799609019,353.44,111914.44461947304,0.00970490880788244
2007-02-01,-0.0226,0.44906902125403203,49296.2115333883,0.0,-0.0073,0.2032717836054469,22314.00601938821,0.0,-0.0406,0.24176420998360837,26539.482958038618,0.0,0.0253,0.10589498515691277,11624.541755391272,0.0,109774.24226620639,-0.019123557826191906
2007-03-01,-0.0315,0.44461658330547277,47743.38087008656,0.0,-0.0328,0.20098623792264844,21582.106621952276,0.0,0.0179,0.25157649339906435,27014.53970298751,0.0,-0.0502,0.10282068537281451,11040.98975927063,0.0,107381.01695429697,-0.021801337567931123
2007-04-01,0.041,0.44859644244323976,49700.85948576011,0.0,0.0132,0.19736990899247348,21866.990429362046,0.0,0.035,0.2523654210199438,27960.048592592073,0.0,0.0202,0.10166822754434304,11264.017752407895,0.0,110791.91626012212,0.03176445336960154
2007-05-01,-0.0137,0.4484330419406659,49019.957710805196,0.0,-0.0038,0.1992783989333179,21783.89586573047,0.0,0.0023,0.25636593975669913,28024.356704355036,0.0,-0.0691,0.09592261936931709,10485.67412571651,0.0,109313.8844066072,-0.01334061097061201
2007-06-01,-0.0279,0.4417050214389141,47652.30089067373,0.0,-0.0249,0.19689431183565345,21241.47685867378,0.0,0.0276,0.26693665186640186,28797.828949395236,0.0,-0.0281,0.09446401485903055,10191.026682783877,0.0,107882.63338152663,-0.013093039670577067
2007-07-01,-0.0544,0.4381432346925583,45060.01572222108,0.0,-0.0922,0.18749930332264222,19283.01269230406,0.0,-0.0163,0.27545279942864265,28328.424337520093,0.0,-0.0019,0.09890466255615682,10171.663732086587,0.0,102843.11648413182,-0.046712957771178676
2007-08-01,0.0674,0.4376913741091011,48097.06078189878,0.0,0.0762,0.18885014611604423,20752.37825945763,0.0,0.0648,0.27449845982189347,30164.106234591396,0.0,0.0691,0.09896001995296114,10874.525695973769,0.0,109888.07097192158,0.0685019545170702
2007-09-01,-0.0354,0.4272802604010156,46394.42483021956,0.0,-0.0532,0.18095607127267785,19648.351736054483,0.0,0.039,0.28863769246381793,31340.50637774046,0.0,0.0297,0.1031259758624887,11197.49910914419,0.0,108580.78205315869,-0.011896549891179053
2007-10-01,-0.0353,0.4118560000731172,44756.701633712815,0.0,-0.0226,0.17672003244676165,19204.298986819653,0.0,0.0634,0.3066832020417025,33327.494482089205,0.0,0.0165,0.10474076543841873,11382.257844445068,0.0,108670.75294706674,0.0008286079010186853
2007-11-01,-0.0238,0.41689190090741424,43691.49213483045,0.0,-0.0501,0.1740615825057948,18242.163607579987,0.0,-0.057,0.2998754682637382,31427.82729661012,0.0,0.0052,0.10917104832305276,11441.445585236183,0.0,104802.92862425675,-0.03559213696342012
2007-12-01,-0.0114,0.41580679849955415,43193.40912449338,0.0,-0.0114,0.17360852826827694,18034.202942453576,0.0,-0.0293,0.2936794042085356,30506.991956819445,0.0,0.0614,0.11690526902363327,12143.950344169683,0.0,103878.55436793609,-0.008820118564002777
2008-01-01,-0.0728,0.4456240232440309,43342.287708230266,3551.94,-0.0771,0.19713663838896164,19173.905474590407,2741.51,-0.1005,0.24017284043274423,23359.69294015909,-4537.35,0.0961,0.11706649793426328,11386.12276224439,-1756.1,97262.00888522415,-0.06369500926318483
2008-02-01,-0.083,0.3511288752321503,32348.099068447154,-8066.28,-0.0778,0.19193469226781754,17682.17562866727,0.0,-0.031,0.24570199773055043,22635.54245901416,0.0,0.0004,0.21123443476948175,19460.183723349288,8066.28,92126.00087947787,-0.05280590093308801
2008-03-01,0.0368,0.3581967173352621,33538.50911416601,0.0,0.0344,0.1953448923196562,18290.442470293427,0.0,0.0039,0.24269409491428784,22723.821074604315,0.0,-0.0196,0.20376429543079383,19078.764122371642,0.0,93631.5367814354,0.016342138892223357
2008-04-01,0.0241,0.3612026264540333,34346.78718381741,0.0,0.0222,0.19661872195528432,18696.490293133942,0.0,0.067,0.2549826091927607,24246.317086602805,0.0,-0.067,0.18719604239792167,17800.486926172744,0.0,95090.0814897269,0.015577494062670283
2008-05-01,-0.0296,0.35664980356667086,33330.12228317642,0.0,0.0041,0.20088251527756096,18773.14590333579,0.0,-0.0095,0.2569835607932061,24015.97707428008,0.0,-0.0262,0.185484120362562,17334.11416870702,0.0,93453.35942949931,-0.01721233208117945
2008-06-01,-0.11,0.34835794829795935,29663.80883202701,0.0,-0.0995,0.1985270014254755,16905.21788595388,0.0,-0.1265,0.24635533973746426,20977.95597438365,0.0,0.0157,0.2067597105391008,17606.25976115572,0.0,85153.24245352027,-0.08881560841309932
2008-07-01,-0.0304,0.3494483511398719,28762.029043533388,0.0,0.0115,0.2077543542840991,17099.62789164235,0.0,-0.0746,0.23586100238966407,19413.00045869463,0.0,-0.0326,0.20693629218636492,17032.295692942043,0.0,82306.95308681241,-0.03342549601985467
2008-08-01,0.0595,0.3616785197032743,30473.369771623624,0.0,0.0842,0.22003830846006298,18539.416560118636,0.0,-0.0194,0.22593670389200834,19036.388249795953,0.0,-0.0485,0.1923464679446544,16206.229351834354,0.0,84255.40393337257,0.023672979906145253
2008-09-01,0.0911,0.35519015983198954,33249.493757818535,0.0,0.1047,0.21878437619052118,20480.493473963055,0.0,0.0239,0.20821786306156972,19491.357928966077,0.0,0.2581,0.2178076009159195,20389.0571475428,0.0,93610.40230829048,0.11103143464027121
2008-10-01,-0.1089,0.3669501982908665,29628.623887592097,0.0,-0.1519,0.21512115730293224,17369.50651526807,0.0,-0.2015,0.19275811157399447,15563.849306279413,0.0,-0.1083,0.22517053283220675,18180.922258463914,0.0,80742.9019676035,-0.1374580177351442
2008-11-01,0.0087,0.35450107459441954,29886.392915414148,0.0,-0.0397,0.197851097159723,16679.937106611927,0.0,-0.016,0.1816586865603016,15314.827717378943,0.0,0.2334,0.26598914168555593,22424.34951358939,0.0,84305.5072529944,0.044122829358057114
2008-12-01,0.0228,0.3413412676166138,30567.80267388559,0.0,0.0555,0.1965971520247248,17605.67361602889,0.0,0.1041,0.18881874263881088,16909.101282758093,0.0,0.0912,0.2732428377198504,24469.45018922874,0.0,89552.02776190132,0.06223223938576772
2009-01-01,-0.099,0.3411401548500682,28240.23461917092,775.41,-0.1099,0.19257901372576747,15942.059159627313,304.74,-0.1062,0.24172435450768906,20010.404484529183,5478.91,0.0379,0.22455647691647523,18589.21473540051,-6559.04,82781.91299872793,-0.07559979301835129
2009-02-01,-0.0874,0.3270141473497689,25772.03811345538,0.0,-0.0976,0.1825413591034475,14386.114185647688,0.0,-0.039,0.24400404825897243,19229.998709632546,0.0,0.0448,0.2464404452878111,19422.011555546454,0.0,78810.16256428207,-0.04797848093347268
2009-03-01,0.0753,0.33000802446689104,27712.67258339857,0.0,0.064,0.18227672653286606,15306.82549352914,0.0,0.1577,0.2651071115630975,22262.569506141597,0.0,-0.0375,0.22260813743714544,18693.68612221346,0.0,83975.75370528277,0.0655447339902051
2009-04-01,0.0226,0.33041436078238956,28338.978983783378,0.0,0.0786,0.1924953587111352,16509.94197732053,0.0,0.0802,0.2803846132087665,24048.02758053415,0.0,-0.0975,0.19670566729770875,16871.05172529765,0.0,85768.0002669357,0.021342429005673624
2009-05-01,-0.032,0.3193538338199939,27432.13165630231,0.0,-0.0495,0.182688094483345,15692.699849443165,0.0,0.0657,0.2983506613446938,25627.982992575246,0.0,0.0163,0.19960741035196738,17146.049868420003,0.0,85898.86436674072,0.001525791663530951
2009-06-01,-0.0233,0.32477830734063623,26792.962988710467,0.0,-0.0058,0.1891201034977948,15601.682190316395,0.0,-0.0531,0.29416081055520593,24267.1370956695,0.0,-0.0765,0.19194077860636297,15834.377053485872,0.0,82496.15932818224,-0.03961292228533786
2009-07-01,0.034,0.32333873619034614,27703.923730326624,0.0,0.0473,0.19070364065523795,16339.64175791836,0.0,0.0687,0.3026849353466828,25934.289414141993,0.0,-0.0083,0.18327268780773326,15702.95172394194,0.0,85680.80662632891,0.03860358256773688
2009-08-01,0.0325,0.3303460549459766,28604.30125156224,0.0,0.0282,0.19402509803749873,16800.419655491656,0.0,-0.0142,0.2952575069299252,25566.022504461176,0.0,-0.0054,0.18037134008659964,15618.155784632654,0.0,86588.89919614771,0.010598552996579302
2009-09-01,-0.0155,0.3218499302767992,28160.934582163023,0.0,0.0011,0.19222237863702998,16818.9001171127,0.0,0.0475,0.3060719667166094,26780.408573423083,0.0,0.0076,0.17985572436956143,15736.853768595862,0.0,87497.09704129466,0.010488617520008292
2009-10-01,-0.0494,0.32279514666189885,26769.78441380417,0.0,-0.0932,0.18390402120313767,15251.378626197795,0.0,-0.0636,0.3023853357920519,25077.174588153375,0.0,0.0061,0.1909154963429117,15832.848576584296,0.0,82931.18620473963,-0.05218356940916713
2009-11-01,0.0629,0.31819746653379144,28453.60385343245,0.0,0.0366,0.1767989755315666,15809.579083916635,0.0,0.0841,0.30402366122433355,27186.164971017075,0.0,0.1351,0.2009798967103083,17971.866419280836,0.0,89421.214327647,0.07825799219710738
2009-12-01,0.0166,0.3199870312914703,28925.93367739943,0.0,0.0737,0.18777953168340625,16974.745062401293,0.0,0.023,0.30765825523960577,27811.44676535047,0.0,-0.0716,0.18457518178551768,16685.080783660327,0.0,90397.20628881152,0.01091454604483899
2010-01-01,0.0289,0.35205648319734767,32553.391461676274,2713.09,0.0285,0.20109684517108203,18594.69896167973,1104.69,-0.0145,0.24086165128186507,22271.60696225289,-5212.15,0.0535,0.2059850203497052,19046.690865586155,1394.36,92466.38825119505,0.022889888386292245
2010-02-01,0.0086,0.3521899183771367,32833.35062824669,0.0,0.0245,0.20434444204343896,19050.26908624088,0.0,-0.0019,0.2384445084351438,22229.290909024607,0.0,0.0035,0.20502113114428056,19113.354283615707,0.0,93226.26490712789,0.008217868895977087
2010-03-01,0.0391,0.35257232334594535,34117.134637811134,0.0,0.0595,0.20858244007762247,20183.760096872214,0.0,0.061,0.24373430616830366,23585.277654475107,0.0,-0.0122,0.1951109304081286,18880.171361355595,0.0,96766.34375051405,0.03797297732471416
2010-04-01,-0.019,0.44601534722167435,42717.50239969273,9427.72,0.0216,0.21529151315965164,20619.729314964654,0.0,-0.0349,0.23766063834645598,22762.151464333925,0.0,0.0237,0.1010325012722182,9676.474458619725,-9427.72,95775.85763761101,-0.010235853443597454
2010-05-01,-0.0371,0.44129411576905325,41132.68306066412,0.0,-0.0302,0.21453899257977668,19997.01348965272,0.0,-0.0497,0.23206793379499738,21630.87253655653,0.0,0.0798,0.11209895785617272,10448.657120417578,0.0,93209.22620729095,-0.026798313203641344
2010-06-01,-0.0549,0.43608182287614483,38874.498760633665,0.0,-0.0785,0.20671103485337572,18427.24793071498,0.0,-0.0216,0.23740707881343195,21163.64568976691,0.0,0.0221,0.11980006345704744,10679.572442778806,0.0,89144.96482389436,-0.04360363827458402
2010-07-01,0.0396,0.4383450008707818,40413.92891155476,0.0,0.0348,0.20682445278914108,19068.51615870386,0.0,0.079,0.24768340625809201,22835.573699258493,0.0,-0.075,0.10714714008198507,9878.604509570396,0.0,92196.62327908751,0.03423253866577536
2010-08-01,-0.0493,0.434124694528604,38421.52221621511,0.0,-0.0763,0.1990158960950122,17613.588375794756,0.0,-0.0343,0.24916904169598872,22052.313521373926,0.0,0.0544,0.11769036768039508,10416.000594891026,0.0,88503.42470827482,-0.040057850704933506
2010-09-01,0.0511,0.4303311057291546,40384.862001463705,0.0,0.084,0.2034516710269239,19093.129799361515,0.0,0.0801,0.2538062197101625,23818.70383443598,0.0,0.0128,0.11241100353375902,10549.32540250563,0.0,93846.02103776683,0.06036598410855043
2010-10-01,0.0393,0.4305267774677401,41971.98707812123,0.0,0.0439,0.20444507853071925,19931.318197553486,0.0,0.0326,0.25228468247743807,24595.193579438594,0.0,0.0419,0.11274346152410256,10991.342136870617,0.0,97489.84099198393,0.038827644623853574
2010-11-01,0.0112,0.42911454569665824,42442.07333339619,0.0,0.0488,0.2113515055785488,20903.966525594096,0.0,-0.016,0.24469324937252163,24201.670482167578,0.0,0.0334,0.11484069935227141,11358.452964242095,0.0,98906.16330539995,0.014527896435203802
2010-12-01,0.024,0.4302507508667138,43460.683093397696,0.0,0.0338,0.21393917560559605,21610.520594159178,0.0,0.0226,0.2450057183448938,24748.628235064563,0.0,-0.0146,0.11080435518279637,11192.61955096416,0.0,101012.45147358559,0.021295823210550457
2011-01-01,0.0354,0.46315804239124136,47064.731442903976,1994.92,0.0087,0.2005397913855073,20378.252262328362,-1408.03,-0.0265,0.24192704496012848,24583.900866835353,504.48,-0.0506,0.09437512126312288,9590.116829685372,-1091.38,101617.00140175306,0.005984905022580866
2011-02-01,0.0205,0.4634232820519935,48029.55843748351,0.0,0.0437,0.20521630903137578,21268.78188619211,0.0,-0.0116,0.23445137678108594,24298.727616780063,0.0,0.0473,0.09690903213554476,10043.72935572949,0.0,103640.79729618518,0.019915918266775412
2011-03-01,-0.0215,0.45370063789766263,46996.92293107761,0.0,0.0022,0.2057770713000555,21315.573206341734,0.0,0.0412,0.24424048747458404,25299.8351945914,0.0,-0.007,0.09628180332769787,9973.423250239384,0.0,103585.75458225013,-0.0005310911858169565
2011-04-01,-0.0012,0.45129336379730106,46940.52662356032,0.0,-0.0032,0.20427538371922324,21247.36337208144,0.0,-0.0023,0.2426770204361413,25241.64557364384,0.0,0.0612,0.10175423204733444,10583.796753154034,0.0,104013.33232243963,0.004127765848826126
2011-05-01,-0.0091,0.45371110342835463,46513.36783128592,0.0,-0.0136,0.20443710881841598,20958.399230221134,0.0,-0.0251,0.24003764450979834,24608.08026974538,0.0,-0.0138,0.10181414324343083,10437.740357960509,0.0,102517.58768921296,-0.014380316444337016
2011-06-01,-0.0312,0.45456464436720495,45062.1507549498,0.0,-0.0369,0.20361662245974552,20185.034298625975,0.0,-0.0321,0.24026580299559916,23818.160893086555,0.0,-0.0355,0.10155293017745039,10067.200575252911,0.0,99132.54652191524,-0.03301912621627068
2011-07-01,-0.0215,0.4498390498154049,44093.314513718375,0.0,-0.037,0.19830797774654813,19438.188029576813,0.0,-0.0103,0.24048954566327854,23572.833835887763,0.0,0.0843,0.11136342677476843,10915.865583746732,0.0,98020.20196292968,-0.011220780641801098
2011-08-01,-0.0393,0.4475630116080173,42360.44725332924,0.0,-0.0721,0.19056827561018086,18036.694672644324,0.0,-0.0758,0.23018202675791127,21786.01303112747,0.0,0.1418,0.13168668602389044,12463.735323522018,0.0,94646.89028062306,-0.034414453497885855
2011-09-01,0.0614,0.46661312948229494,44961.378714683655,0.0,0.012,0.18943263513621464,18253.135008716057,0.0,-0.0613,0.21223739745954506,20450.530432319356,0.0,0.0183,0.13171683792194544,12691.821679942472,0.0,96356.86583566153,0.01806689633403158
2011-10-01,0.0149,0.46117346231670003,45631.30325753244,0.0,0.0545,0.19452950686345183,19247.930866691084,0.0,0.0655,0.22022137336521,21790.040175636273,0.0,-0.0327,0.12407565745463811,12276.799111008353,0.0,98946.07341086815,0.026871023177762465
2011-11-01,0.0967,0.4612403010703337,50043.85028253583,0.0,0.0981,0.19480606438102094,21136.15288471348,0.0,0.0806,0.21701988299700017,23546.317413792556,0.0,0.1218,0.1269337515516452,13772.11324272917,0.0,108498.43382377103,0.09654107620054031
2011-12-01,0.0202,0.4748623473863331,51054.736058243056,0.0,0.0119,0.19892768897542754,21387.67310404157,0.0,-0.0407,0.21009181759577708,22587.9822950512,0.0,-0.0935,0.11611814604246229,12484.420654533993,0.0,107514.81211186982,-0.00906576876030174
2012-01-01,-0.0191,0.4379126015227002,47457.56642753061,-2673.08,0.0071,0.19982640911989183,21655.634142080264,115.29,0.0432,0.25873659232118407,28039.86223419741,4290.72,0.0435,0.10352439703622393,11219.17006300622,-1732.94,108372.2328668145,0.007974908183372209
2012-02-01,0.0046,0.4406440970918465,47675.871233097256,0.0,-0.0098,0.19819064279342566,21443.40892748788,0.0,0.0163,0.2633826237120079,28496.91198861483,0.0,-0.057,0.09778263640272015,10579.677369414865,0.0,108195.86951861481,-0.0016273850186000471
2012-03-01,0.1109,0.4507463782189648,52963.12535284774,0.0,0.1005,0.20083644045545646,23598.47152470041,0.0,0.0435,0.2530747959889092,29736.527660119573,0.0,0.0589,0.09534238533666954,11202.820366473401,0.0,117500.94490414113,0.08600213138381774
2012-04-01,0.0259,0.452388596769135,54334.870299486494,0.0,0.017,0.19981948809732342,23999.645540620317,0.0,0.0161,0.25157050432886574,30215.285755447498,0.0,0.0316,0.09622141080467582,11556.82949005396,0.0,120106.63108560827,0.022175874275674134
2012-05-01,0.0028,0.45814653680173345,54487.007936325055,0.0,-0.0005,0.20169683063718505,23987.645717850006,0.0,-0.0446,0.24272996363591454,28867.68401075454,0.0,0.0026,0.09742666892516694,11586.877246728101,0.0,118929.2149116577,-0.009803090498070377
2012-06-01,0.071,0.4584748433214526,58355.58549980413,0.0,0.0769,0.20295328390810596,25832.29567355267,0.0,0.0694,0.24254102159699759,30871.101281100906,0.0,0.0549,0.09603085117344377,12222.996807573474,0.0,127281.9792620312,0.07023307398924672
2012-07-01,-0.0062,0.4626063790164907,57993.78086970535,0.0,-0.0335,0.1991567613018121,24966.913768488655,0.0,-0.019,0.24157463042734173,30284.550356759988,0.0,-0.0086,0.09666222925435539,12117.879035028342,0.0,125363.12402998234,-0.015075623769949198
2012-08-01,0.0247,0.4616652464609513,59426.22725718707,0.0,0.0404,0.20179677812778482,25975.577084735596,0.0,0.009,0.2373893981692447,30557.111309970827,0.0,0.0532,0.09914857724201924,12762.55019969185,0.0,128721.46585158534,0.026788912988478186
2012-09-01,0.0142,0.45728257019144647,60270.07968423913,0.0,0.0186,0.200748245859646,26458.722818511676,0.0,0.0418,0.2415346996640817,31834.39856272761,0.0,0.0372,0.10043448428482575,13237.317067120386,0.0,131800.5181325988,0.023920270489800055
2012-10-01,-0.0189,0.4561721753825042,59130.97517820701,0.0,-0.0208,0.19987295424958543,25908.381383886634,0.0,-0.0034,0.2447548364197494,31726.161607614336,0.0,-0.0286,0.09920003394816099,12858.729799000743,0.0,129624.24796870872,-0.016511848319902933
2012-11-01,0.0356,0.4547861329840319,61236.03789455118,0.0,0.0384,0.19980442022800743,26903.26322902788,0.0,0.0486,0.24707426744218836,33268.053061744395,0.0,0.0297,0.09833517934577227,13240.634074031064,0.0,134647.98825935452,0.038756176945061505
2012-12-01,-0.0166,0.4483239209904048,60219.519665501626,0.0,0.0032,0.20093107567367452,26989.353671360772,0.0,0.0365,0.2567150421316863,34482.33699849807,0.0,-0.0461,0.0940299612042345,12630.240843218233,0.0,134321.4511785787,-0.002425116669005578
2013-01-01,0.02,0.4572600996916335,61653.54265881165,225.13,0.0317,0.2055578786257098,27715.891780742906,-125.06,-0.0319,0.24110754397965078,32509.14361024598,-901.98,-0.0356,0.0960744777030061,12953.966273199663,801.91,134832.54432300018,0.0038050001689007296
2013-02-01,0.0036,0.46381873753900615,61875.495412383374,0.0,0.0026,0.20829850717873663,27787.953099372837,0.0,-0.0301,0.23635352762643985,31530.61838757758,0.0,-0.0574,0.09152922765581743,12210.408609118003,0.0,133404.47550845178,-0.010591425250623288
2013-03-01,0.0606,0.46911950551052534,65625.1504343738,0.0,0.0684,0.2122284564504994,29688.649091369938,0.0,0.0134,0.2284160237931583,31953.128673971118,0.0,0.0338,0.0902360142458169,12623.120420106192,0.0,139890.04861982106,0.048615858550850266
2013-04-01,0.0106,0.47583958333009957,66320.77702897816,0.0,-0.0108,0.21071017360821465,29368.011681183143,0.0,0.0047,0.23033543282796667,32103.30837873878,0.0,-0.0823,0.08311481023371907,11584.237609531452,0.0,139376.33469843154,-0.0036722692318567063
2013-05-01,0.074,0.48468557280506736,71228.51452912255,0.0,0.0935,0.2185241990227837,32113.920773373768,0.0,0.0013,0.21873597290380395,32145.04267963114,0.0,-0.0098,0.07805425526834506,11470.712080958045,0.0,146958.1900630855,0.05439844132118132
2013-06-01,0.0202,0.4931793820089204,72667.33052261082,0.0,0.0273,0.2239011506021647,32990.63081048687,0.0,-0.032,0.21118111068559717,31116.401313882943,0.0,-0.0785,0.0717383567033178,10570.261182602839,0.0,147344.62382958346,0.002629549032497458
2013-07-01,0.0946,0.4940358810762557,79541.65999004981,0.0,0.1146,0.22838811518664315,36771.35710136867,0.0,0.0568,0.2042424496224428,32883.81290851149,0.0,0.117,0.07333355411465842,11806.98174096737,0.0,161003.81174089733,0.09270231621828207
2013-08-01,0.0086,0.4902590253741446,80225.71826596424,0.0,0.0083,0.2265746976350245,37076.55936531003,0.0,0.0147,0.2039068485253966,33367.20495826661,0.0,0.0985,0.07925942846543428,12969.969442452657,0.0,163639.45203199354,0.016370049023048727
2013-09-01,-0.0209,0.4856643840342949,78549.00075420558,0.0,0.0099,0.23151193724786673,37443.6173030266,0.0,0.0193,0.21028943030631977,34011.192013961154,0.0,-0.0955,0.07253424841151863,11731.337360698428,0.0,161735.14743189176,-0.011637197365641727
2013-10-01,0.011,0.48979742281231436,79413.03976250184,0.0,-0.0088,0.22890947358654962,37114.11347075996,0.0,0.0082,0.21149164819584496,34290.08378847563,0.0,-0.0353,0.06980145540529092,11317.221151865773,0.0,162134.45817360323,0.002468917536181392
2013-11-01,0.0947,0.4853148015134393,85146.81665201076,-1632.08,0.107,0.22387790966273913,39278.61105213128,-1632.08,0.0622,0.19772020556678707,34689.331624118815,-1632.08,0.0073,0.09308708325703448,16331.809345274392,4896.23,175446.56867353525,0.08210537506887183
2013-12-01,0.0398,0.492296917889947,88535.65995476079,0.0,0.0324,0.22548258542315794,40551.23805022033,0.0,0.0025,0.19337004635837593,34776.05495317911,0.0,-0.0216,0.08885045032851907,15979.042263416466,0.0,179841.9952215767,0.025052792888872633
2014-01-01,-0.0168,0.4520344176537043,79569.29443552082,-7606.76,-0.0088,0.20253887114208013,35651.876147378396,-4582.84,-0.0685,0.2379249766454072,41880.71036388634,10184.45,0.0522,0.1075017345588084,18922.977621566806,2005.16,176024.85856835236,-0.02122494608960157
2014-02-01,0.0058,0.45156339774456955,80030.79634324684,0.0,0.0103,0.2032330505285637,36019.09047169639,0.0,-0.0032,0.23555030046472156,41746.6920907219,0.0,0.027,0.10965325126214522,19433.89801734911,0.0,177230.47692301424,0.006849136902977504
2014-03-01,-0.0186,0.45168396839992386,78542.22353126245,0.0,-0.0351,0.1998695032017606,34754.82039613985,0.0,0.0124,0.24305563244898706,42264.35107264685,0.0,-0.057,0.10539089594932856,18326.165830360213,0.0,173887.56083040935,-0.018861970867781408
2014-04-01,-0.0089,0.45540593143170294,77843.19774183421,0.0,-0.0519,0.1927734455196429,32951.04521758019,0.0,-0.0073,0.2454540722485082,41955.82130981653,0.0,-0.0079,0.10636655080014598,18181.389120300366,0.0,170931.4533895313,-0.01700010872980795
2014-05-01,0.0194,0.4581079232289886,79353.3557780258,0.0,0.0063,0.1914252282558355,33158.63680245094,0.0,0.0279,0.2489691857537513,43126.38872436041,0.0,-0.033,0.10149766276142456,17581.403279330454,0.0,173219.78458416762,0.013387420215877466
2014-06-01,0.0091,0.45369514842175973,80075.47131560583,0.0,0.0424,0.19583743041505358,34564.563002874864,0.0,0.006,0.24581348582529342,43385.14705670658,0.0,0.0506,0.10465393533789331,18471.022285264575,0.0,176496.20366045184,0.018914808629681756
2014-07-01,0.0045,0.45578662020118116,80435.81093652606,0.0,-0.0455,0.18694727138713124,32991.87538624406,0.0,0.0338,0.2541497747890361,44851.56502722326,0.0,-0.0148,0.10311633362265132,18197.651155442658,0.0,176476.90250543607,-0.0001093573380926971
2014-08-01,0.0344,0.45749002413412515,83202.80283274256,0.0,0.045,0.18956884568408555,34476.50977862504,0.0,0.025,0.2527814140853664,45972.85415290384,0.0,0.001,0.10015971609642282,18215.8488065981,0.0,181868.01557086955,0.030548547650689928
2014-09-01,0.0751,0.4714131491790418,89451.33332548152,0.0,0.0244,0.1861262970784417,35317.73661722349,0.0,0.0072,0.24402372819648596,46303.85870280475,0.0,0.0254,0.0984368255460305,18678.531366285693,0.0,189751.46001179545,0.04334706361742824
2014-10-01,0.006,0.47115500646981284,89988.04132543442,0.0,0.048,0.19379080077642166,37012.98797485022,0.0,-0.0028,0.24175667011631663,46174.20789843689,0.0,-0.046,0.09329752263744893,17819.318923436553,0.0,190994.55612215807,0.006551180740771878
2014-11-01,0.0768,0.47906344075520335,96899.12289922778,0.0,0.0522,0.19254206575715693,38945.0659471374,0.0,0.0348,0.23622674046950207,47781.070333302494,0.0,0.0462,0.09216775301813757,18642.57145769932,0.0,202267.830637367,0.059024061963308894
2014-12-01,0.0467,0.48109911167568536,101424.31193862171,0.0,0.0775,0.19905001162308444,41963.30855804055,0.0,-0.0048,0.22555825510304453,47551.721195702645,0.0,0.0663,0.09429262159818565,19878.573945344786,0.0,210817.9156377097,0.042271106450296525
2015-01-01,-0.048,0.4421714279876709,90314.39496556787,-6556.25,-0.0497,0.1961696838998007,40068.048703705936,200.27,-0.0243,0.2517662706872904,51423.762302647076,5152.76,0.0647,0.10989261742523813,22445.786013608595,1203.22,204251.99198552946,-0.031144998432978355
2015-02-01,0.1751,0.44805382805119576,106128.4455240388,0.0,0.1802,0.1996421289023929,47288.311080113745,0.0,0.1631,0.252510413118581,59810.977934208815,0.0,0.0531,0.09979362992783036,23637.65725093121,0.0,236865.39178929257,0.15967237081376262
2015-03-01,0.0913,0.44520598492239427,115817.97260038355,0.0,0.1268,0.20482627986163612,53284.468925072164,0.0,0.094,0.2515262181533769,65433.20986002444,0.0,0.0834,0.09844151706259267,25609.037865658873,0.0,260144.68925113903,0.09828070401502531
2015-04-01,-0.0773,0.441977231969363,106865.2433183739,0.0,-0.1083,0.1965091725694857,47513.76094048685,0.0,-0.0224,0.26455918072056867,63967.5059591599,0.0,-0.0846,0.09695441474058267,23442.513262224133,0.0,241789.02348024477,-0.07055944837364736
2015-05-01,0.0822,0.44721317836013696,115649.56631914424,0.0,0.0949,0.20117057082778428,52022.81685373905,0.0,0.027,0.2540390301619421,65694.62862005722,0.0,0.0764,0.09757722065013652,25233.521275458057,0.0,258600.5330683986,0.06952966411036199
2015-06-01,-0.0349,0.44608032510653045,111613.3964546061,0.0,-0.0065,0.20656582883034347,51684.66854418975,0.0,-0.0502,0.24937836403016592,62396.75826333035,0.0,-0.0285,0.0979754820329602,24514.365919107502,0.0,250209.1891812337,-0.0324490587378079
2015-07-01,0.1025,0.46255361497359515,123053.76959120322,0.0,0.0647,0.20685029598933355,55028.666598998825,0.0,0.0129,0.2375722743733201,63201.67644492731,0.0,0.0095,0.09302381466375116,24747.252395339023,0.0,266031.3650304684,0.06323579042404481
2015-08-01,-0.0046,0.4611190684011973,122487.72225108369,0.0,-0.0052,0.2060844811438572,54742.51753268403,0.0,-0.032,0.2303161958111395,61179.22279868964,0.0,0.1,0.10248025464380595,27221.977634872925,0.0,265631.4402173303,-0.0015032994815941114
2015-09-01,0.1043,0.4637304122840359,135263.1916818717,0.0,0.0752,0.20179015300781225,58859.15485114187,0.0,0.0988,0.230466896764366,67223.73001120018,0.0,0.1145,0.10401253794378584,30338.894074065873,0.0,291684.97061827965,0.0980815011191194
2015-10-01,0.0255,0.47065269478683736,138712.40306975946,0.0,0.0002,0.19974969558850447,58870.9266821121,0.0,0.0073,0.22975591147429897,67714.46324028194,0.0,-0.0301,0.09984169815035923,29425.69336243649,0.0,294723.48635459,0.010417114498116442
2015-11-01,0.0001,0.47362296716720054,138726.27431006642,0.0,0.0322,0.20746209453109582,60766.57052127611,0.0,-0.0256,0.2252644955356459,65980.97298133072,0.0,-0.0678,0.09365044276605776,27430.631352463297,0.0,292904.44916513655,-0.006172013000907861
2015-12-01,0.0118,0.4806149635014134,140363.2443469252,0.0,-0.0262,0.20261816931488327,59174.486373618674,0.0,-0.0247,0.22034379744467364,64351.24294869185,0.0,0.0266,0.09642306973902981,28160.28614643882,0.0,292049.2598156745,-0.0029196871262952007
2016-01-01,-0.0238,0.4483445758599144,128294.32659746837,-8941.07,-0.0599,0.19189343803408404,54910.53251583892,-765.24,-0.0234,0.24917983464316412,71303.10214169246,8660.33,0.0835,0.11058215146283742,31643.21242966646,1044.34,286151.1736846662,-0.020195518162692272
2016-02-01,-0.0215,0.4431370967060395,125535.9985756228,0.0,-0.0196,0.19003289500031859,53834.28607852847,0.0,-0.0255,0.24527884632303631,69484.8730370793,0.0,0.0882,0.12155116197060553,34434.14376596304,0.0,283289.3014571936,-0.01000125979083466
2016-03-01,-0.0368,0.43941345479295907,120916.27382803988,0.0,-0.027,0.19035329276475843,52380.7603544082,0.0,0.0207,0.25773712424695683,70923.20990894685,0.0,-0.101,0.11249612819532577,30956.295245600773,0.0,275176.5393369957,-0.028637728563935205
2016-04-01,-0.0329,0.43583311828328164,116938.12841909737,0.0,-0.0194,0.19143783627772537,51364.573603532685,0.0,-0.0316,0.2559807184532976,68682.03647582413,0.0,0.0119,0.11674832698569548,31324.675159023423,0.0,268309.4136574776,-0.024955345743004065
2016-05-01,0.0399,0.44495651012185894,121603.95974301935,0.0,0.0472,0.1968172544041253,53788.981477619425,0.0,-0.0136,0.24789403453748882,67747.96077975293,0.0,-0.0374,0.11033220093652697,30153.132308075947,0.0,273294.03430846764,0.018577882091581843
2016-06-01,-0.0932,0.4369141580254624,110270.47069496995,0.0,-0.0942,0.19304676433912754,48722.05942242767,0.0,-0.0601,0.25229855706466126,63676.30833688978,0.0,-0.0145,0.11774052057074892,29715.911889608844,0.0,252384.75034389622,-0.07650838049750863
2016-07-01,0.0497,0.4342706106831324,115750.91308850996,0.0,0.0673,0.19509590795919,52001.05402155705,0.0,0.068,0.2551438729285562,68006.29730379829,0.0,0.0359,0.11548960842912154,30782.7131264458,0.0,266540.97754031105,0.05608986746277567
2016-08-01,-0.0139,0.4330057910412126,114141.97539657967,0.0,0.005,0.19825608625235996,52261.05929166484,0.0,-0.0038,0.25700642905262716,67747.87337404386,0.0,-0.0432,0.1117316936538003,29452.89991938334,0.0,263603.8079816717,-0.011019579749965924
2016-09-01,0.0051,0.4289993853660036,114724.09947110222,0.0,0.0143,0.19821962325822232,53008.392439535644,0.0,0.0317,0.2613672149961359,69895.48096000105,0.0,0.0116,0.11141377637963817,29794.553558448188,0.0,267422.5264290871,0.01448658301507133
2016-10-01,-0.0367,0.43053130715918647,110513.72502051276,0.0,-0.0628,0.19353763680684624,49679.46539433281,0.0,-0.0258,0.2652685374871436,68092.17755123302,0.0,-0.0466,0.11066251854682364,28406.127362624502,0.0,256691.4953287031,-0.04012762590974006
2016-11-01,0.0979,0.43850041251868627,121333.01870002097,0.0,0.179,0.2116809238793897,58572.08969991838,0.0,0.0147,0.24970422276574483,69093.13256123614,0.0,-0.0248,0.10011444083617917,27701.655404031415,0.0,276699.8963652069,0.07794726900040971
2016-12-01,-0.025,0.44301633478552127,118299.69323252044,0.0,-0.0189,0.21519893404377888,57465.07720458993,0.0,-0.0557,0.24433236246722415,65244.64507757529,0.0,-0.0606,0.09745236870347564,26022.93508654711,0.0,267032.3506012328,-0.03493874009701203
2017-01-01,-0.0224,0.44449835316281366,117472.87701611198,1864.87,-0.0368,0.19464483130200988,51441.10921146102,-4058.61,0.0244,0.25876527251240955,68386.98235346813,1513.44,0.0104,0.10209154302276678,26980.9487314472,680.3,264281.91731248837,-0.010300000290420663
2017-02-01,0.0316,0.44848713370177035,121185.01992982111,0.0,0.0138,0.19300282297146382,52150.99651857918,0.0,0.0119,0.256101478783452,69200.7874434744,0.0,0.0256,0.10240856454331396,27671.66101897225,0.0,270208.4649108469,0.022425096876192763
2017-03-01,0.0134,0.4443878390113546,122808.89919688071,0.0,0.0112,0.19082356252079596,52735.08767958727,0.0,0.0512,0.2632259584350472,72743.8677605803,0.0,0.0143,0.10156264003280231,28067.36577154355,0.0,276355.2204085918,0.022748197395566327
2017-04-01,0.0189,0.4429949727095969,125129.98739170175,0.0,0.0213,0.1906735275187445,53858.345047162475,0.0,0.0269,0.26446118484203984,74700.6778033399,0.0,0.0252,0.10187031492961882,28774.66338898645,0.0,282463.67363119056,0.022103628849736934
2017-05-01,0.0354,0.44416746906006127,129559.588945368,0.0,0.0033,0.18525118838827573,54036.07758581811,0.0,0.0526,0.269565987509799,78629.93345579559,0.0,0.024,0.10101535504186401,29465.255310322125,0.0,291690.8552973038,0.03266679055573385
2017-06-01,0.0193,0.44299166440106585,132060.0890120136,0.0,0.0487,0.19008990483872595,56667.63456424745,0.0,0.0191,0.2687996373179883,80131.76518480129,0.0,-0.0073,0.09811879344221971,29250.158946556774,0.0,298109.6477076192,0.022005463296999928
2017-07-01,-0.0339,0.43959035457671025,127583.25199450634,0.0,-0.0482,0.185838320500044,53936.25457825072,0.0,0.003,0.27692370253406884,80372.1604803557,0.0,-0.0311,0.09764762238917685,28340.47900331886,0.0,290232.14605643164,-0.026424846400521895
2017-08-01,0.0097,0.43616219937242484,128820.80953885305,0.0,-0.0035,0.18197850302835403,53747.47768722684,0.0,0.0329,0.281077395232712,83016.4045601594,0.0,0.0503,0.10078190236650919,29766.005097185796,0.0,295350.69688342506,0.01763605753719011
2017-09-01,0.0264,0.43750100040754897,132221.67891067878,0.0,0.0679,0.18991753186325122,57396.93142218955,0.0,0.0065,0.2764738640952898,83556.01118980044,0.0,-0.0242,0.09610760363391002,29045.6677738339,0.0,302220.28929650265,0.02325910345080051
2017-10-01,0.0564,0.4386618422678112,139678.98160124104,0.0,0.041,0.1876455209546664,59750.20561049932,0.0,0.0674,0.2800939293139295,89187.68634399299,0.0,0.0261,0.09359870746359278,29803.759702730964,0.0,318420.63325846434,0.05360442212424665
2017-11-01,0.0147,0.4434170047118787,141732.2626307793,0.0,0.016,0.1899226387720451,60706.20890026731,0.0,-0.0168,0.2743407940926348,87689.3332134139,0.0,-0.0099,0.09231956242344151,29508.70248167393,0.0,319636.5072261344,0.0038184522002477905
2017-12-01,0.0304,0.44290822797413826,146040.92341475497,0.0,0.0125,0.18640919111671994,61465.03651152065,0.0,0.0429,0.277350282886289,91451.20560826936,0.0,0.0429,0.09333229802285294,30774.62581813774,0.0,329731.7913526827,0.03158363922243135
2018-01-01,0.0144,0.45078436196606464,150515.97552792745,2338.39,-0.015,0.19454195707577182,64957.16116384784,4481.32,0.0401,0.25678057040367236,85738.50672716097,-9018.26,-0.0087,0.0978931105544911,32686.309188519943,2198.55,333897.95260745625,0.012635000215424741
2018-02-01,-0.0178,0.45225010671359267,147836.79116353035,0.0,-0.0172,0.19529374557009546,63839.89799182966,0.0,-0.0382,0.25226490658044004,82463.29577018342,0.0,0.002,0.10019124113587181,32751.681806896984,0.0,326891.6667324404,-0.02098331487301064
2018-03-01,-0.0061,0.4438109188610156,146934.9867374328,0.0,0.0314,0.19888044183038703,65844.4707887731,0.0,0.0268,0.2557521614089726,84673.31209682435,0.0,0.0266,0.10155647789962484,33622.87654296045,0.0,331075.6461659907,0.012799284470518035
2018-04-01,0.0435,0.4471574374309511,153326.65866051114,0.0,0.0509,0.20180108207473285,69195.95435192165,0.0,0.0113,0.24972920948457042,85630.12052351846,0.0,0.0332,0.1013122710097457,34739.15604418673,0.0,342891.88958013797,0.0356904639498099
2018-05-01,0.1012,0.45043296418116063,168843.31651695486,0.0,0.1443,0.21123549333615985,79180.93056490395,0.0,0.0496,0.2397710080840473,89877.37450148497,0.0,0.0635,0.09856053439863224,36945.09245299259,0.0,374846.71403633634,0.09319212681094968
2018-06-01,0.0418,0.4582785350025989,175900.96714736358,0.0,0.0432,0.2152035685445706,82601.5467653078,0.0,-0.0168,0.2302255589136002,88367.43460986002,0.0,0.0004,0.09629233753923018,36959.870489973786,0.0,383829.81901250524,0.023964742492842195
2018-07-01,0.0,0.46312315135688437,175900.96714736358,0.0,-0.0224,0.21260703807231515,80751.2721177649,0.0,-0.0007,0.23249648909675735,88305.57740563311,0.0,-0.0569,0.09177332147404324,34856.85385909428,0.0,379814.6705298558,-0.010460751832620407
2018-08-01,0.1471,0.4711250219378923,201775.99941474077,0.0,0.1614,0.21897667549470284,93784.52743757215,0.0,0.0715,0.22092607331336517,94619.42619013588,0.0,0.0932,0.0889722292540398,38105.512638761866,0.0,428285.4656812106,0.12761696404126832
2018-09-01,-0.0289,0.4758906572574736,195944.67303165476,0.0,-0.0581,0.2145407076958458,88335.6463934492,0.0,-0.0387,0.22090877625641114,90957.65439657762,0.0,-0.042,0.08865985879026946,36505.08110793387,0.0,411743.05492961546,-0.038624730646144134
2018-10-01,-0.1426,0.47832011931745394,168002.9626573408,0.0,-0.1799,0.2062550124139458,72444.06360726769,0.0,-0.1594,0.21768592335750672,76459.00428576315,0.0,-0.0596,0.09773894491109356,34329.378273901006,0.0,351235.4088242726,-0.14695486755857046
2018-11-01,0.0604,0.475749661175551,178150.34160184418,0.0,0.0598,0.20503053579402594,76776.2186109823,0.0,0.0929,0.22315205579386774,83562.04578391055,0.0,0.0479,0.09606774723655527,35973.755493220866,0.0,374462.3614899579,0.06612930269028205
2018-12-01,-0.085,0.46714164020915,163007.56256568743,0.0,-0.1161,0.1944780897707845,67862.49963024724,0.0,-0.042,0.22941161422701495,80052.43986098631,0.0,0.057,0.10896865579305043,38024.25955633446,0.0,348946.7616132555,-0.06813929115646689
2019-01-01,0.0243,0.4465753688717726,160841.77540003366,-5981.52,0.0571,0.20483356859601604,73774.32149413436,1926.85,0.0478,0.2537894003886167,91406.60363634146,7184.25,-0.0215,0.09480166214359462,34144.44394587327,-3129.58,360167.14447638276,0.03215499926479626
2019-02-01,0.0409,0.45109145324151556,167420.20401389504,0.0,0.0632,0.2113376742528881,78436.85861256365,0.0,-0.0046,0.2451500242676758,90986.13325961429,0.0,0.0046,0.09242084823792066,34301.50838802428,0.0,371144.7042740972,0.030479070526196583
2019-03-01,0.0659,0.45716197254141533,178453.19545841072,0.0,0.0225,0.2054609431994749,80201.68793134633,0.0,0.059,0.24684079571040954,96354.31512193153,0.0,0.0303,0.09053628854870027,35340.84409218142,0.0,390350.04260387,0.05174622757270786
2019-04-01,0.051,0.4612296048057856,187554.30842678965,0.0,0.0456,0.20622400341950597,83858.88490101573,0.0,0.035,0.24524583980405268,99726.71615119914,0.0,0.0045,0.08730055197065575,35499.87789059623,0.0,406639.78736960073,0.04173112075784169
2019-05-01,-0.0569,0.45987685778306797,176882.4682773053,0.0,-0.0698,0.20280664643002289,78005.53473492483,0.0,-0.0645,0.2425560300406042,93294.3429594468,0.0,0.0267,0.09476046574630499,36447.72463027515,0.0,384630.0706019521,-0.054125831881875586
2019-06-01,0.0253,0.4612444845134186,181357.59472472113,0.0,0.0226,0.20287411831813176,79768.45981993413,0.0,0.011,0.239884343993275,94320.58073200072,0.0,0.0356,0.0959970531751745,37745.263627112945,0.0,393191.898903769,0.02225990362224528
2019-07-01,0.0057,0.466704757674738,182391.33301465205,0.0,-0.0006,0.20398986127007665,79720.59874404216,0.0,-0.0337,0.23321499800464213,91141.9771613323,0.0,-0.0051,0.0960903830505432,37552.76278261467,0.0,390806.6717026412,-0.006066318273031279
2019-08-01,0.0797,0.4676075849874294,196927.9222559198,0.0,0.0453,0.19787264112892058,83331.94186714727,0.0,0.058,0.22896988271177074,96428.21183668957,0.0,0.1837,0.10554989117187935,44451.20530578098,0.0,421139.2812655376,0.07761538315286498
2019-09-01,0.015,0.4700366954841796,199881.8410897586,0.0,0.0147,0.19884175423040829,84556.92141259433,0.0,0.0148,0.23011397535382,97855.34937187258,0.0,-0.0337,0.10100757493159208,42953.199686976164,0.0,425247.3115612017,0.009754564531048615
2019-10-01,-0.0215,0.46684650992583865,195584.3815063288,0.0,-0.015,0.19880410080449978,83288.56759140542,0.0,-0.001,0.23334043624553796,97757.4940225007,0.0,-0.0148,0.10100895302412376,42317.49233160892,0.0,418947.9354518438,-0.014813441350707501
2019-11-01,0.0862,0.47305943469587813,212443.75519217434,0.0,0.0931,0.2027295360033645,91042.73323416527,0.0,0.0494,0.22843511213466006,102586.71422721223,0.0,0.0164,0.09577591716609728,43011.49920584731,0.0,449084.70185939915,0.0719343953206315
2019-12-01,-0.0134,0.4703789031449567,209597.0088725992,0.0,-0.0177,0.20070222442873925,89431.27685592054,0.0,0.0118,0.2329424020229242,103797.23745509333,0.0,-0.0057,0.09597647040337981,42766.33366037398,0.0,445591.8568439871,-0.007777697616842105
2020-01-01,0.0539,0.4572807357028568,211324.1695378323,-9080.67,0.0229,0.19725777616793358,91159.17745692113,-312.91,-0.0093,0.2388103607839146,110361.96635776096,7600.73,0.1061,0.10665112734529499,49286.92410773966,1792.86,462132.23746025405,0.03712002443989504
2020-02-01,-0.0315,0.44803432085173445,204667.45819739057,0.0,-0.0361,0.19235118478640917,87868.33115072627,0.0,0.0175,0.245819502471789,112293.30076902178,0.0,0.0547,0.11379499189006749,51982.91885643302,0.0,456812.0089735716,-0.01151235091479641
2020-03-01,0.0128,0.45445328685753006,207287.20166231718,0.0,-0.0945,0.17443659187548913,79564.77385698263,0.0,-0.0249,0.2400599793079645,109497.19757987313,0.0,0.1499,0.1310501419590164,59775.15839301233,0.0,456124.33149218524,-0.0015053839826398852
2020-04-01,0.1575,0.4619343991472869,239934.93592413212,0.0,0.1694,0.1791309949783133,93043.04654835549,0.0,0.1027,0.23245944399322113,120742.5597713261,0.0,0.099,0.1264751618811787,65692.89907392055,0.0,519413.44131773425,0.1387540752726395
2020-05-01,0.0589,0.46296041723547293,254067.1036500635,0.0,0.0798,0.1830723133581693,100467.88166291425,0.0,0.0432,0.22952150407808009,125958.63835344739,0.0,0.0396,0.12444576532827768,68294.3378772478,0.0,548787.961543673,0.056553253900046396
2020-06-01,0.0182,0.4569961337247179,258691.12493649466,0.0,0.0306,0.18291460350514288,103542.19884179943,0.0,0.0597,0.2357989614553426,133478.3690631482,0.0,0.0302,0.12429030131479654,70356.82688114069,0.0,566068.519722583,0.03148858828882095
2020-07-01,0.0062,0.4534191243732993,260295.00991110093,0.0,-0.0185,0.1770278842736304,101626.66816322615,0.0,0.0323,0.24002186743972506,137789.72038388788,0.0,0.0569,0.12953112391334526,74360.1303306776,0.0,574071.5287888926,0.014137880464067498
2020-08-01,0.1189,0.46300536823658967,291244.0865895308,0.0,0.1029,0.17818565356736094,112084.05231722211,0.0,0.0759,0.23567723619198108,148247.96016102497,0.0,0.0416,0.12313174200406828,77453.51175243378,0.0,629029.6108202117,0.09573385767321207
2020-09-01,0.0042,0.4596035595937841,292467.3117532068,0.0,0.0073,0.1774225057234236,112902.26589913784,0.0,0.0347,0.24105116000688293,153392.16437861254,0.0,0.0017,0.12192277467590923,77585.18272241292,0.0,636346.9247533702,0.011632701874904283
2020-10-01,-0.0023,0.4495375354910141,291794.6369361745,0.0,0.0487,0.18240745372301542,118400.60624842586,0.0,0.0405,0.2458860638463097,159604.54703594634,0.0,0.0221,0.12216894693966071,79299.81526057825,0.0,649099.605481125,0.02004045314228131
2020-11-01,0.0242,0.45380225352381154,298856.0671500299,0.0,0.0934,0.19657920161706233,129459.22287202883,0.0,0.0079,0.24426839363960706,160865.4229575303,0.0,-0.1251,0.10535015121951903,69379.40837147992,0.0,658560.121351069,0.014574829178846338
2020-12-01,0.0087,0.4460788131407334,301456.1149342351,0.0,0.0534,0.20179658316983695,136372.34537339516,0.0,0.0312,0.24546699628636348,165884.42415380524,0.0,0.0389,0.10665760740306615,72078.26735713049,0.0,675791.151818566,0.026164703736003325
2021-01-01,0.0356,0.4406204445491723,314932.19942189386,2649.91,0.098,0.20763109726058077,148403.7314599879,-1214.12,0.0805,0.25540234187751,182548.09158318656,3063.37,0.019,0.09634611631273693,68863.11039691597,-4499.16,714747.1328619843,0.057645000143294434
2021-02-01,0.0427,0.44305491097208954,328379.80433720874,0.0,0.0793,0.21610664101021052,160172.14736476494,0.0,0.0242,0.25225697506138817,186965.75539949967,0.0,-0.0466,0.08858147295631179,65654.08945241969,0.0,741171.796553893,0.03697064664827576
2021-03-01,0.088,0.45356206687290734,357277.2271188831,0.0,0.0563,0.21478585077509485,169189.8392614012,0.0,0.0361,0.2459207263215388,193715.21916942162,0.0,0.0286,0.08573135603045917,67531.79641075889,0.0,787714.0819604647,0.06279554298068524
2021-04-01,-0.027,0.46178575854635595,347630.74198667327,0.0,-0.0589,0.21151073334264847,159224.55772890468,0.0,-0.0643,0.2407812870221758,181259.3305768278,0.0,-0.0422,0.08592222108881968,64681.95460222487,0.0,752796.5848946307,-0.0443276283431816
2021-05-01,-0.0129,0.45810631283525494,343146.3054150452,0.0,-0.0157,0.2092302555868253,156724.73217256088,0.0,-0.0021,0.24147620591677013,180878.68598261647,0.0,0.056,0.09118722566114973,68304.14405994947,0.0,749053.8676301719,-0.004971751120500412
2021-06-01,-0.0333,0.4642731150612911,331719.53344472416,0.0,-0.0381,0.21099392475575368,150753.5198767863,0.0,-0.0495,0.24062569715591012,171925.19102647697,0.0,-0.1202,0.08410726302704513,60093.98594394354,0.0,714492.230291931,-0.04614038967262235
2021-07-01,0.0488,0.4798717062381013,347907.4466768267,0.0,-0.0117,0.2055027680682883,148989.7036942279,0.0,-0.0406,0.2275100832358061,164945.028270802,0.0,0.051,0.08711544245780417,63158.77922708466,0.0,725000.9578689414,0.014707966205198097
2021-08-01,0.0498,0.4831701641815712,365233.23752133263,0.0,0.0427,0.20551590872021613,155351.56404197143,0.0,0.0362,0.22610628442339212,170916.03829420503,0.0,0.0198,0.08520764267482045,64409.32305578094,0.0,755910.1629132901,0.04263332994097402
2021-09-01,-0.0051,0.47983691597548833,363370.54800997383,0.0,0.0114,0.20748299698508324,157122.5718720499,0.0,0.0041,0.22662286098342085,171616.79405121127,0.0,0.0118,0.08605722605600757,65169.353067839154,0.0,757279.2670010742,0.0018111994717830981
2021-10-01,0.1147,0.4905856070605389,405049.1498667178,0.0,0.0869,0.2068403412662754,170776.52336773105,0.0,0.0538,0.21904081997384356,180849.77757116643,0.0,0.0583,0.08353323169934208,68968.72635169417,0.0,825644.1771573095,0.0902770129003656
2021-11-01,-0.0165,0.4976536373801794,398365.838893917,0.0,-0.0512,0.20241744444174412,162032.76537130322,0.0,-0.0488,0.21489925703356652,172024.3084256935,0.0,-0.0131,0.08502966114450997,68065.23603648698,0.0,800488.1487274007,-0.030468365339317183
2021-12-01,0.0383,0.505025240703929,413623.250523554,0.0,0.0145,0.20070723890719705,164382.24046918712,0.0,-0.0049,0.2090088558443324,171181.3893144076,0.0,0.0259,0.08525866454454166,69828.125649832,0.0,819015.0059569806,0.02314444912024438
2022-01-01,-0.0873,0.4462182665082898,336381.6092978477,-45066.65,-0.1285,0.18936701999907432,142754.31490889657,-579.24,-0.0368,0.26161547981916233,197218.81133963738,33572.36,-0.0538,0.10279923367347346,77495.19518387104,12073.37,753849.9307302528,-0.07956517860205203
2022-02-01,-0.0683,0.4396665916120937,313406.7453828047,0.0,-0.0282,0.19461722067509837,138728.6432284657,0.0,-0.0797,0.2546202183239968,181500.47207586828,0.0,0.0219,0.1110959693888111,79192.33995839782,0.0,712828.2006455365,-0.05441630809062825
2022-03-01,-0.0429,0.45061742739519633,299961.59600588237,0.0,-0.0671,0.19442117347842128,129419.95126783564,0.0,-0.1072,0.2434300950675062,162043.6214693352,0.0,-0.0625,0.11153130405887617,74242.81871099795,0.0,665667.9874540512,-0.0661592977785912
2022-04-01,-0.0558,0.4448659981128366,283223.73894875415,0.0,-0.0672,0.18962226538741603,120722.93054263708,0.0,-0.0283,0.24732254374676632,157457.78698175302,0.0,0.0135,0.11818919275298106,75245.09676359642,0.0,636649.5532367406,-0.04359295439201749
2022-05-01,-0.0374,0.4456854578935107,272631.17111207073,0.0,-0.0356,0.19032679125625512,116425.1942153192,0.0,-0.0316,0.24927107051821984,152482.12091312962,0.0,-0.0674,0.11471668033201422,70173.57724173002,0.0,611712.0634822496,-0.039169884951160694
2022-06-01,-0.0013,0.43923419184191165,272276.75058962504,0.0,-0.0036,0.18713984740501224,116006.06351614406,0.0,0.0252,0.2521814297471123,156324.67036014047,0.0,0.0728,0.12144453100596364,75282.21366492796,0.0,619889.6981308376,0.013368437761445806
2022-07-01,0.0915,0.453811587938152,297190.0732685757,0.0,0.106,0.19591924528022897,128302.70624885533,0.0,-0.0032,0.23794513686898655,155824.43141498804,0.0,-0.0229,0.11232402991263248,73558.2509720011,0.0,654875.4619044202,0.0564386920432387
2022-08-01,-0.0537,0.4478868966929461,281230.9663340532,0.0,-0.0315,0.19789766036438633,124261.17100201639,0.0,-0.0248,0.24201064065390093,151959.98551589635,0.0,-0.0422,0.11220480228876661,70454.09278098265,0.0,627906.2156329486,-0.04118225195526992
2022-09-01,-0.0449,0.44771785166053235,268603.6959456542,0.0,-0.0531,0.19612456145123558,117662.90282180932,0.0,-0.068,0.236068251216957,141626.7065008154,0.0,0.0226,0.12008933567127511,72046.35527783286,0.0,599939.6605461118,-0.04453938245960132
2022-10-01,0.0596,0.3628972641333849,222493.61695201515,-58624.82,0.0907,0.20932013664509022,128334.92810774742,0.0,-0.0382,0.2221754489932419,136216.56631248427,0.0,-0.0353,0.20560715022828302,126058.48279052536,58624.82,613103.5941627722,0.02194209598458219
2022-11-01,0.0485,0.3554723316723605,233284.5573741879,0.0,0.0169,0.19885793759440093,130503.78839276834,0.0,0.1501,0.23871809713553072,156662.67291598817,0.0,0.0774,0.2069516335977079,135815.40935851203,0.0,656266.4280414564,0.07040055594132588
2022-12-01,-0.056,0.34778136966237166,220220.62216123336,0.0,-0.0665,0.19239145076598044,121825.28646464925,0.0,-0.038,0.23800656272223072,150709.4913451806,0.0,0.0342,0.22182061684941712,140460.29635857313,0.0,633215.6963296364,-0.03512404524578827
2023-01-01,0.0276,0.34547149378478387,227742.3660208834,1404.88,0.0629,0.20419375445029495,134608.9897482757,4817.85,0.0562,0.2536332887801278,167200.61228677977,7594.44,0.0239,0.19670146298479338,129669.90731754302,-13817.16,659221.8753734819,0.0410700164171347
2023-02-01,-0.01,0.3512390206749361,225464.94236067458,0.0,-0.001,0.2094899956904871,134474.3807585274,0.0,-0.0604,0.24473980312606186,157101.69530465826,0.0,-0.037,0.19453118050851484,124872.12074679394,0.0,641913.1391706542,-0.026256313465055192
2023-03-01,0.0138,0.35488726344243066,228576.3585652519,0.0,-0.0714,0.1938774664902014,124872.90997236855,0.0,0.011,0.24659889754417835,158829.8139530095,0.0,0.0555,0.2046363725231896,131802.523448241,0.0,644081.6059388709,0.003378131145622465
2023-04-01,-0.0086,0.3594304469727311,226610.60188159073,0.0,-0.0405,0.19004123766410294,119815.55711848762,0.0,-0.0311,0.24408754636225038,153890.20673907088,0.0,-0.0125,0.20644076900091568,130154.99190513798,0.0,630471.3576442872,-0.021131248228622
2023-05-01,0.0143,0.3637113369631015,229851.13348849746,0.0,0.0035,0.19025705800303275,120234.91156840233,0.0,-0.0125,0.24046854518069674,151966.5791548325,0.0,-0.0019,0.20556305985316894,129907.69742051822,0.0,631960.3216322506,0.0023616679329045986
2023-06-01,0.0267,0.37148824444035355,235988.15875264036,0.0,0.0393,0.1967099731349285,124960.14359304054,0.0,-0.0011,0.23895986486961646,151799.41591776218,0.0,-0.057,0.1928419175551014,122502.95866754868,0.0,635250.6769309918,0.005206585265104646
2023-07-01,0.0051,0.36737710995218203,237191.69836227884,0.0,0.0343,0.20018459274592446,129246.27651828184,0.0,0.0337,0.24303970276081494,156915.05623419076,0.0,-0.0018,0.1893985945410786,122282.4533419471,0.0,645635.4844566985,0.016347574119680575
2023-08-01,0.015,0.3740452680366745,240749.57383771302,0.0,-0.0192,0.19695052161811652,126764.74800913082,0.0,-0.0351,0.2352369615136808,151407.33776037066,0.0,0.0199,0.19376724883152818,124715.87416345184,0.0,643637.5337706663,-0.003094549066976149
2023-09-01,-0.0213,0.37343081969745845,235621.60791496973,0.0,-0.036,0.19367366629201138,122201.21708080212,0.0,-0.0033,0.23916984608552214,150907.69354576143,0.0,-0.0199,0.19372566792500798,122234.02826759915,0.0,630964.5468091324,-0.019689633212175872
2023-10-01,-0.0193,0.3708934619371569,231074.1108822108,0.0,-0.0666,0.1830801311879798,114062.6160232207,0.0,-0.0303,0.23488033849873194,146335.19043132485,0.0,0.0762,0.2111460683761313,131548.2612215902,0.0,623020.1785583466,-0.0125908314357146
2023-11-01,0.0585,0.3761911887955639,244591.94636882015,0.0,0.0613,0.18618640154989832,121054.65438544413,0.0,0.0476,0.23578204657798116,153300.74549585592,0.0,-0.0024,0.20184036307655667,131232.54539465837,0.0,650179.8916447785,0.043593633113583774
2023-12-01,0.0328,0.44870364471654356,302177.60140971746,47989.0,0.1049,0.1986103118584266,133753.28763047722,0.0,0.0053,0.22884281269138212,154113.23944698396,0.0,0.0019,0.12384323073364784,83401.70813090823,-47989.0,673445.8366180868,0.03578385808649309
2024-01-01,0.0373,0.4632343164785093,314354.4199613,873.03,-0.0188,0.1947472626445595,132157.01127902424,935.88,-0.0252,0.24184624888297573,164118.75066891997,14248.22,0.0094,0.10017217199395556,67977.61716533876,-16057.13,678607.7990745829,0.007665000176433567
2024-02-01,0.0547,0.46609404467716925,331549.6067331831,0.0,0.0593,0.196804134381082,139993.92204787038,0.0,0.0447,0.24103207184033568,171454.8588238207,0.0,0.0053,0.09606974910141312,68337.89853631506,0.0,711336.2861411892,0.0482288696228339
2024-03-01,0.0364,0.46376300521438907,343618.0124182709,0.0,0.0376,0.19604660419807637,145257.69351687032,0.0,0.0326,0.23894728370038718,177044.28722147725,0.0,0.0977,0.10124310688714747,75014.51122331303,0.0,740934.5043799315,0.04160931870818074
2024-04-01,-0.0175,0.4586025705157706,337604.69720095117,0.0,-0.045,0.18843888233175382,138721.09730861115,0.0,0.0229,0.24600452780101045,181098.60139884907,0.0,0.0496,0.10695401935146512,78735.23097998936,0.0,736159.6268884008,-0.0064443988818237985
2024-05-01,0.0656,0.4629177845291016,359751.5653373336,0.0,0.068,0.19064040056509568,148154.1319255967,0.0,0.0366,0.24156136470918008,187726.81021004694,0.0,0.0352,0.10488045019662254,81506.71111048498,0.0,777139.2185834623,0.05566671982308247
2024-06-01,0.0938,0.4705016498030251,393496.26216597547,0.0,0.0424,0.18465824775157683,154435.867119242,0.0,0.0774,0.24183759279790173,202256.86532030458,0.0,0.0569,0.10300250964749622,86144.44297267158,0.0,836333.4375781937,0.07616938841746812
2024-07-01,0.0318,0.4611503778819218,406009.4433028535,0.0,0.1257,0.19745915353443147,173848.45561613073,0.0,0.0289,0.2363648393847303,208102.08872806138,0.0,0.0734,0.10502562919891639,92467.44508686567,0.0,880427.4327339113,0.052722984846094834
2024-08-01,0.026,0.4661371636121668,416565.6888287277,0.0,-0.0138,0.1918518841654479,171449.34692862813,0.0,0.0129,0.23587029160264078,210786.6056726534,0.0,0.0258,0.10614066061974466,94853.1051701068,0.0,893654.7466001159,0.015023741167549787
2024-09-01,-0.0152,0.4620556619843022,410233.89035853103,0.0,-0.0312,0.18708231104519907,166100.12730445495,0.0,0.0207,0.24232816071896168,215149.8884100773,0.0,0.0159,0.10853386625153705,96361.26954231151,0.0,887845.1756153748,-0.006500912132838099
2024-10-01,0.0504,0.46217506615091347,430909.678432601,0.0,0.0459,0.18632897362589568,173724.12314772944,0.0,0.0283,0.23729097694863427,221238.6302520825,0.0,0.105,0.11420498327455654,106479.20284425422,0.0,932351.6346766672,0.050128626345741445
2024-11-01,0.103,0.47126957616780524,475293.3753111589,0.0,0.1588,0.19960722526993774,201311.51390358887,0.0,0.0153,0.22272193439443316,224623.5812949394,0.0,0.0078,0.10640126416782374,107309.74062643941,0.0,1008538.2111361267,0.08171442364219206
2024-12-01,0.0014,0.4773851462022857,475958.78603659454,0.0,-0.0617,0.18945666355503743,188890.59349573744,0.0,-0.0071,0.2236971296592077,223028.7538677453,0.0,0.017,0.10946106058346922,109134.00621708889,0.0,997012.1396171661,-0.01142849263586787
2025-01-01,-0.0235,0.44906645018933017,438112.05281973456,-27303.33,-0.0254,0.19919675995204666,194337.6116849457,10511.84,-0.0287,0.2481528505186802,242099.48150874104,26224.29,0.0136,0.10358393933994306,101057.1426216413,-9432.8,975606.2886350625,-0.021470000345555573
2025-02-01,-0.0199,0.44794452159430265,429393.62296862184,0.0,-0.0577,0.19103576921980361,183124.33149072435,0.0,0.0056,0.2539731252473627,243455.23860518998,0.0,0.0154,0.10704658393853105,102613.42261801456,0.0,958586.6156825507,-0.01744522677926097
2025-03-01,-0.0707,0.4336252589122529,399035.4938247403,0.0,-0.0836,0.18236192900407627,167815.13737809978,0.0,-0.0028,0.2638180090453559,242773.56393709546,0.0,0.0779,0.12019480303831503,110607.0082399579,0.0,920231.2033798933,-0.040012463845373936
2025-04-01,-0.0315,0.43066144131538425,386465.875769261,0.0,-0.0467,0.17827299585832343,159978.17046254253,0.0,-0.0227,0.26439554286876366,237262.6040357234,0.0,0.0277,0.1266700199575286,113670.82236820472,0.0,897377.4726357317,-0.024834770501394376
2025-05-01,0.0703,0.43686184435953884,413634.42683584004,0.0,0.0611,0.17928521541017772,169752.8366778039,0.0,0.0488,0.2628145519546187,248841.01911266672,0.0,0.0082,0.12103838827566481,114602.923111624,0.0,946831.2057379346,0.055109176027062334
2025-06-01,0.0147,0.43783168161895425,419714.8529103269,0.0,0.0173,0.18014363861072413,172689.5607523299,0.0,0.0245,0.26594190766734893,254937.62408092705,0.0,-0.029,0.11608277210297263,111279.4383413869,0.0,958621.4760849709,0.012452346601575348
2025-07-01,0.0401,0.44123780002679286,436545.418512031,0.0,0.035,0.18065488536873986,178733.69537866145,0.0,0.0248,0.2640683346832747,261260.07715813405,0.0,0.0139,0.11403897992119254,112826.22253433219,0.0,989365.4135831587,0.03207098762667693
2025-08-01,-0.0102,0.4348898228799509,432092.6552432083,0.0,0.0412,0.18730223276657879,186097.5236282623,0.0,-0.0027,0.26224138518551193,260554.6749498071,0.0,0.0177,0.11556655916795835,114823.24667318987,0.0,993568.1004944675,0.004247861157878896
2025-09-01,0.0175,0.4275260751150474,439654.27670996444,0.0,0.0111,0.1829725792827793,188163.20614053603,0.0,0.0525,0.26666884507996097,274233.79538467195,0.0,0.1001,0.12283250052221233,126317.05366517618,0.0,1028368.3319003485,0.03502551197906012
2025-10-01,0.0341,0.4257295634261689,454646.4875457742,0.0,0.029,0.18130511157477885,193619.93911861157,0.0,0.0471,0.2688865650023122,287150.20714729,0.0,0.049,0.12407875999674012,132506.5892947698,0.0,1067923.2231064455,0.0384637390894782
2025-11-01,-0.0036,0.42443742900119946,453009.76019060944,0.0,0.0053,0.1823693616196573,194646.1247959402,0.0,-0.0225,0.26298562851340784,280689.327486476,0.0,0.0488,0.13020758086573558,138972.91085235457,0.0,1067318.12332538,-0.0005666135616990697
2025-12-01,0.022,0.42301409732460626,462975.9749148028,0.0,0.0119,0.17996155771469816,196962.4136810119,0.0,0.0299,0.264129764483905,289081.93837832165,0.0,0.0466,0.13289458047679042,145449.0484980743,0.0,1094469.3754722108,0.02543876240219478
2026-01-01,-0.0395,0.43420279510656473,473057.0315306681,29535.25,-0.0005,0.20081471709781576,218784.43673917142,21931.47,0.0236,0.25707095076776254,280074.70756405004,-15464.6,0.0742,0.10791153702785695,117567.90133463142,-36002.11,1089484.077168521,-0.004554991135808484
2026-02-01,-0.0188,0.4214991883394591,464163.5593378915,0.0,-0.0035,0.19797913804171985,218018.6912105843,0.0,0.0481,0.2665645010718893,293546.30099788087,0.0,0.0674,0.1139571725469319,125491.97788458558,0.0,1101220.5294309421,0.010772486269760906
2026-03-01,-0.0297,0.42985483538469804,450377.9016255562,0.0,-0.0301,0.20182057111493892,211456.3286051457,0.0,-0.0722,0.2599415615974723,272352.2580658339,0.0,-0.0951,0.10838303190289077,113557.69078776149,0.0,1047744.1790842973,-0.048560982035341205
2026-04-01,0.05,0.4311594581309813,472896.796706834,0.0,0.0658,0.2054792390161466,225370.1550273643,0.0,0.0715,0.2660692595154502,291825.444517541,0.0,-0.0603,0.09729204333742206,106710.16203325948,0.0,1096802.5582849986,0.04682286017907278
2026-05-01,0.0617,0.43220377778495367,502074.52906364563,0.0,0.055,0.20467708922938635,237765.51355386933,0.0,0.0825,0.2719389584326491,315901.0436902381,0.0,-0.0074,0.09118017455301103,105920.50683421336,0.0,1161661.5931419663,0.059134649501897174
