data,brasil_retorno,brasil_peso,brasil_saldo,brasil_mov,ouro_retorno,ouro_peso,ouro_saldo,ouro_mov,sp500_retorno,sp500_peso,sp500_saldo,sp500_mov,reits_retorno,reits_peso,reits_saldo,reits_mov,saldo_total,retorno_total
2006-01-01,0.1809,0.43543510324483775,47236.0,0.0,0.0527,0.24260232300884957,26317.5,0.0,-0.0225,0.18021755162241887,19550.0,0.0,0.0251,0.1417450221238938,15376.5,0.0,108480.0,0.08479999999999999
2006-02-01,-0.0385,0.43477285107586744,45417.414,0.0,-0.0472,0.2400415347162349,25075.314,0.0,-0.0351,0.18057976471889597,18863.795,0.0,-0.0176,0.14460584948900168,15105.8736,0.0,104462.3966,-0.03703542957227146
2006-03-01,-0.0081,0.4198467904848969,45049.5329466,0.0,0.0626,0.24832287999585007,26645.028656399998,0.0,0.0345,0.18186959845915276,19514.5959275,0.0,0.0652,0.14996073106010024,16090.776558720001,0.0,107299.93408922,0.02716324324900654
2006-04-01,0.0665,0.4335950259876962,48045.326887548894,0.0,0.08,0.2597006795964875,28776.630948912,0.0,-0.0254,0.17164023842996146,19018.9251909415,0.0,-0.0699,0.13506405598585478,14966.031277265472,0.0,110806.91430466787,0.03268389906495006
2006-05-01,-0.0843,0.3957134052108561,43995.10583092852,0.0,0.0774,0.2788645533410187,31003.942184357787,0.0,0.0627,0.18179127965724728,20211.41180041353,0.0,0.067,0.14363076179087805,15968.755372842259,0.0,111179.21518854209,0.003359906610616026
2006-06-01,-0.0038,0.41220289411675054,43827.924428770995,0.0,-0.101,0.26214208093867913,27872.54402373765,0.0,-0.0589,0.1788926744053655,19020.959645369174,0.0,-0.0228,0.14676235053920492,15604.667750341456,0.0,106326.09584821927,-0.043651318567888064
2006-07-01,0.0094,0.4078774764615486,44239.906918401444,0.0,0.0361,0.26625256658125457,28878.74286299458,0.0,0.0055,0.17633154721660463,19125.574923418706,0.0,0.0394,0.14953840974059215,16219.491659704909,0.0,108463.71636451964,0.02010438264705816
2006-08-01,-0.0257,0.4042507980783742,43102.94131059853,0.0,-0.0351,0.26133920707322156,27865.09898850347,0.0,0.0027,0.17985788948224452,19177.213975711937,0.0,0.016,0.15455210536615976,16479.00352626019,0.0,106624.25780107411,-0.016959206498729618
2006-09-01,0.0012,0.364110812409826,39027.53822417125,-4122.18,-0.025,0.2909673989831266,31187.59701379088,4122.18,0.0444,0.18685933335608282,20028.682276233547,0.0,0.0281,0.15806245525096457,16942.0635253481,0.0,107185.88103954378,0.0052673120549873165
2006-10-01,0.0748,0.37742691576636006,41946.79808333926,0.0,-0.002,0.2800570487081595,31125.221819763297,0.0,0.0159,0.1830785188228635,20347.13832442566,0.0,0.0459,0.15943751670261697,17719.70424116158,0.0,111138.8624686898,0.03687968406666964
2006-11-01,0.0702,0.409658050186309,48466.477110789674,3340.51,0.0831,0.25436332469784917,30093.621371985624,-3340.51,0.0294,0.1770384268330305,20945.344191163775,0.0,0.0612,0.15894019828281114,18804.15014072067,0.0,118309.59281465976,0.06452045834093467
2006-12-01,0.0396,0.42640034996222975,50385.74960437694,0.0,-0.0336,0.24611676736003507,29082.475693886907,0.0,-0.0032,0.1766873101302442,20878.31908975205,0.0,-0.0524,0.15079557254749096,17818.812673346907,0.0,118165.35706136281,-0.0012191382783550697
2007-01-01,0.0057,0.3932548086835949,47535.55660012189,-3119.61,0.0229,0.24998777131340127,30217.83228127692,458.86,0.0112,0.19770271977384793,23897.759463557275,2754.75,0.0847,0.1590547002291559,19226.093459779393,-94.01,120877.24180473547,0.02294991367025112
2007-02-01,-0.031,0.38684604963782293,46061.95434551811,0.0,0.0253,0.26020166399379446,30982.343437993226,0.0,-0.0226,0.19616671796046448,23357.67009968088,0.0,-0.029,0.15678556840791805,18668.53674944579,0.0,119070.50463263801,-0.014946876228496775
2007-03-01,0.0301,0.40571993465809686,47448.41917131821,0.0,-0.0502,0.2516234010553175,29427.029797405965,0.0,-0.0315,0.19343441502847383,22621.903491540932,0.0,-0.0652,0.14922224925811176,17451.348153381925,0.0,116948.70061364703,-0.01781972811434096
2007-04-01,0.0655,0.4160415200264949,50556.290627039554,0.0,0.0202,0.24705475716753625,30021.455799313564,0.0,0.041,0.19379445542170162,23549.40153469411,0.0,-0.0035,0.1431092673842672,17390.26843484509,0.0,121517.41639589232,0.039065981565186814
2007-05-01,0.0775,0.4457926403934825,54474.40315063512,0.0,-0.0691,0.22870475406548849,27946.973203580998,0.0,-0.0137,0.19007689185165713,23226.7747336688,0.0,-0.0484,0.1354257136893719,16548.579442598588,0.0,122196.7305304835,0.005590261501100757
2007-06-01,0.0253,0.4642339899495044,55852.60555034618,0.0,-0.0281,0.22576148745454033,27161.663256560372,0.0,-0.0279,0.18766934932015397,22578.747718599443,0.0,-0.1106,0.12233517327580126,14718.306556247184,0.0,120311.32308175319,-0.015429279003990826
2007-07-01,0.0115,0.47817887709446016,56494.910514175164,0.0,-0.0019,0.22946237217029938,27110.056096372908,0.0,-0.0544,0.18071257628048068,21350.463842707635,0.0,-0.1038,0.11164617445475981,13190.546335708726,0.0,118145.97678896443,-0.017997859530788918
2007-08-01,0.0199,0.4638101556188318,57619.15923340725,0.0,0.0691,0.23330394510996802,28983.360972632276,0.0,0.0674,0.1834458324970176,22789.48510570613,0.0,0.1249,0.11944006677418255,14838.045573038746,0.0,124230.0508847844,0.05149624440185141
2007-09-01,0.1128,0.4926236079968516,64118.60039493559,0.0,0.0297,0.2292929201967518,29844.166793519453,0.0,-0.0354,0.16889350846571544,21982.737332964134,0.0,-0.0422,0.10918996334068098,14211.88004985651,0.0,130157.3845712757,0.04771255943530539
2007-10-01,0.1063,0.5205416459547435,70934.40761691725,0.0,0.0165,0.22262061400806504,30336.595545612523,0.0,-0.0353,0.15562257028831306,21206.7467051105,0.0,-0.0295,0.1012151697488784,13792.629588385744,0.0,136270.379456026,0.04696617794592184
2007-11-01,-0.0343,0.5171957718489908,68501.35743565699,0.0,0.0052,0.23023699566581554,30494.345842449708,0.0,-0.0238,0.15630347756284216,20702.02613352887,0.0,-0.0756,0.09626375492235154,12749.906791503781,0.0,132447.63620313935,-0.02805263526928281
2007-12-01,-0.0059,0.5129324522704026,68097.19942678661,0.0,0.0614,0.24379754621525057,32366.69867717612,0.0,-0.0114,0.15415740253991872,20466.023035606642,0.0,-0.0721,0.0891125989744281,11830.638511836358,0.0,132760.55965140573,0.002362620105853974
2008-01-01,-0.0639,0.3817349518650639,49710.85980541495,-14992.98,0.0961,0.2793636497810941,36379.71100405275,823.44,-0.0728,0.18905282109551316,24619.11920661448,6086.09,-0.0201,0.14984857725832895,19513.805533748447,8083.44,130223.49554983061,-0.01911007386709407
2008-02-01,0.0375,0.40138133358895944,51575.01704811801,0.0,0.0004,0.2832374783226182,36394.26288845437,0.0,-0.083,0.17569509543488196,22575.73231246548,0.0,-0.0802,0.13968609265354037,17948.798329941823,0.0,128493.81057897968,-0.01328243389219308
2008-03-01,-0.0381,0.3861283158311413,49610.00889858471,0.0,-0.0196,0.2777145131473875,35680.93533584066,0.0,0.0368,0.18217936385403055,23406.519261564208,0.0,0.1022,0.15397780716744075,19783.16551926188,0.0,128480.62901525144,-0.00010258520366734913
2008-04-01,0.1463,0.42217170475689647,56867.95320044766,0.0,-0.067,0.24713792672552684,33290.312668339335,0.0,0.0241,0.1779511202691194,23970.616375767906,0.0,0.04,0.15273924824845728,20574.492140032355,0.0,134703.37438458725,0.04843333518080084
2008-05-01,0.055,0.44314118669896646,59995.69062647228,0.0,-0.0262,0.23944716736304084,32418.106476428846,0.0,-0.0296,0.17181142852733475,23261.086131045176,0.0,-0.0419,0.14560021741065796,19712.420919365,0.0,135387.3041533113,0.005077302419844276
2008-06-01,-0.1239,0.42690942864578096,52562.224557852365,0.0,0.0157,0.26743306772685566,32927.07074810878,0.0,-0.11,0.16814424418566845,20702.366656630205,0.0,-0.1411,0.13751325944169482,16930.9983276426,0.0,123122.66029023397,-0.09058932031905276
2008-07-01,-0.109,0.40423222787197977,46832.94208104646,0.0,-0.0326,0.274940471865254,31853.648241720435,0.0,-0.0304,0.1732575212207896,20073.014710268646,0.0,0.0098,0.1475697790419766,17096.922111253498,0.0,115856.52714428904,-0.05901540081100143
2008-08-01,-0.0545,0.3878212765066317,44280.546737629425,0.0,-0.0485,0.26545238363480517,30308.746301996995,0.0,0.0595,0.1862654135086808,21267.35908552963,0.0,0.0716,0.1604609263498823,18321.061734419247,0.0,114177.7138595753,-0.014490450612445138
2008-09-01,-0.0791,0.37775687952469056,46035.27229168294,5708.89,0.2581,0.253962385924292,30949.07921354242,-5708.89,0.0911,0.19041439870309998,23204.815498221382,0.0,0.1831,0.17786633584791742,21675.64813799141,0.0,121864.81514143816,0.06732575930988638
2008-10-01,-0.2824,0.3399093055989853,33034.91139651168,0.0,-0.1083,0.28395950287763966,27597.293934715777,0.0,-0.1089,0.21276219950174177,20677.811090465075,0.0,-0.2675,0.1633689920216333,15877.412261078709,0.0,97187.42868277123,-0.20249804203145894
2008-11-01,0.0179,0.329990062901426,33626.23631050924,0.0,0.2334,0.33403582322510383,34038.50233907844,0.0,0.0087,0.2046864932142944,20857.70804695212,0.0,-0.1574,0.13128762065917568,13378.30757118492,0.0,101900.75426772473,0.048497276333323125
2008-12-01,0.0099,0.3148394976128903,33959.13604998328,0.0,0.0912,0.3443557811518965,37142.81375240239,0.0,0.0228,0.19778341958800308,21333.26379042263,0.0,0.1531,0.14302130164721008,15426.52646033333,0.0,107861.74005314164,0.058497955469059226
2009-01-01,-0.0002,0.46886134314009403,48528.07549337328,14578.647,0.0379,0.21632385023993672,22389.945959618446,-15570.46,-0.099,0.18779052838394697,19436.690765170788,239.09,-0.1874,0.12702427823602228,13147.263799666864,752.73,103501.97601782938,-0.04041993048845938
2009-02-01,-0.0123,0.48039504327974025,47931.18016480479,0.0,0.0448,0.2344588360535655,23393.015538609354,0.0,-0.0874,0.17778011588014772,17737.92399229486,0.0,-0.1852,0.10736600478654656,10712.39054396856,0.0,99774.51023967756,-0.0360134745399423
2009-03-01,0.092,0.49983883379046407,52340.84873996683,0.0,-0.0375,0.21501867501920754,22515.777455911502,0.0,0.0753,0.18214685175764672,19073.589668914665,0.0,0.0068,0.1029956394326817,10785.234799667547,0.0,104715.45066446054,0.04952106918805099
2009-04-01,0.1183,0.5248015324200144,58532.7711459049,0.0,-0.0975,0.18219236230828367,20320.48915396013,0.0,0.0226,0.17487761942532332,19504.652795432135,0.0,0.2216,0.1181284858463785,13175.242831273876,0.0,111533.15592657105,0.06510696577104436
2009-05-01,0.1251,0.558968387813429,65855.2208162576,0.0,0.0163,0.1752883772797205,20651.71312716968,0.0,-0.032,0.16025464190417668,18880.50390597831,0.0,-0.0567,0.10548859300267391,12428.206562740646,0.0,117815.64441214623,0.05632843824226863
2009-06-01,-0.0629,0.5570583080055536,61712.927426915,0.0,-0.0765,0.1721541478348805,19071.857072941202,0.0,-0.0233,0.16645593184621338,18440.588164969013,0.0,-0.07,0.1043316123133525,11558.2321033488,0.0,110783.60476817402,-0.05968680712191765
2009-07-01,0.0468,0.5621987801090433,64601.09243049462,0.0,-0.0083,0.1645975374422835,18913.56065923579,0.0,0.034,0.16593780627132476,19067.568162577958,0.0,0.0664,0.10726587617734845,12325.698715011162,0.0,114907.91996731953,0.037228570128008176
2009-08-01,0.0095,0.5536557567028764,65214.80280858432,0.0,-0.0054,0.15970385005863771,18811.42743167592,0.0,0.0325,0.16713946295465767,19687.26412786174,0.0,0.142,0.11950093028382826,14075.947932542747,0.0,117789.44230066473,0.025076794829849147
2009-09-01,0.1045,0.5786049358170625,72029.74970208138,0.0,0.0076,0.15225800632768868,18954.394280156655,0.0,-0.0155,0.1556937993876669,19382.111533879885,0.0,0.0033,0.11344325846758194,14122.398560720138,0.0,124488.65407683805,0.05687446723003564
2009-10-01,-0.0131,0.5842767862957006,71086.15998098411,0.0,0.0061,0.15674173025926413,19070.01608526561,0.0,-0.0494,0.15143716667620052,18424.63522410622,0.0,-0.0735,0.10754431676883465,13084.402266507208,0.0,121665.21355686316,-0.022680304007722474
2009-11-01,0.1168,0.5896613055749348,79389.02346676306,0.0,0.1351,0.16077827057751934,21646.375258384996,0.0,0.0629,0.14545661450816447,19583.5447797025,0.0,0.0712,0.10410380933938143,14016.01170788252,0.0,134634.95521273307,0.1066018895352383
2009-12-01,-0.0254,0.5851775562440119,77372.54227070727,0.0,-0.0716,0.15199213267504935,20096.49478988463,0.0,0.0166,0.15057130164568347,19908.631623045563,0.0,0.059,0.11225900943525528,14842.95639864759,0.0,132220.62508228506,-0.01793241678309465
2010-01-01,-0.0737,0.4218200718200444,54780.71716735615,-18233.26,0.0535,0.21451784714918207,27858.896001143457,6347.64,0.0289,0.20950867251978972,27208.36702695158,6535.5,0.0094,0.15415340851098394,20019.517410794877,4990.13,129867.49760624605,-0.01779697739724484
2010-02-01,0.0364,0.42719343135513627,56774.73527224792,0.0,0.0035,0.21035397699423264,27956.40213714746,0.0,0.0086,0.20648613229767726,27442.35898338336,0.0,0.0354,0.15596645935295383,20728.208327137014,0.0,132901.70471991575,0.023363868324230985
2010-03-01,0.057,0.4336386654813529,60010.89518276605,0.0,-0.0122,0.1995483746674027,27615.33403107426,0.0,0.0391,0.2060519268294427,28515.35521963365,0.0,0.0733,0.1607610330218018,22247.58599751616,0.0,138389.1704309901,0.041289656311323863
2010-04-01,-0.0514,0.41791228029456795,56926.33517037187,0.0,0.0237,0.20753670226062756,28269.81744761072,0.0,-0.019,0.2053618182677164,27973.56347046061,0.0,0.0359,0.16918919917708813,23046.274334826987,0.0,136215.99042327018,-0.015703396450400864
2010-05-01,-0.078,0.3951365964987451,52486.081027082866,0.0,0.0798,0.22981027125585965,30525.748879930055,0.0,-0.0371,0.2027832542463956,26935.744265706522,0.0,-0.0071,0.1722698779989996,22882.645787049714,0.0,132830.21995976917,-0.024855895794467675
2010-06-01,-0.0277,0.3951284727834566,51032.21658263267,0.0,0.0221,0.24157590157916264,31200.36793017651,0.0,-0.0549,0.19710635955684486,25456.971905519233,0.0,-0.062,0.166189266080536,21463.921748252633,0.0,129153.47816658103,-0.02768000982232599
2010-07-01,0.1072,0.41944447715170896,56502.87020029089,0.0,-0.075,0.21424239723569788,28860.340335413275,0.0,0.0396,0.19646128714788455,26465.067992977794,0.0,0.066,0.16985183846470864,22880.540583637307,0.0,134708.81911231927,0.043013483063715885
2010-08-01,-0.0393,0.4099340019170348,54282.30740141946,0.0,0.0544,0.22980659484166013,30430.34284965976,0.0,-0.0493,0.19000811530154435,25160.34014092399,0.0,-0.0147,0.17025128793976088,22544.196637057838,0.0,132417.18702906102,-0.01701174502426228
2010-09-01,0.0977,0.376796411666805,52317.97081253814,-6620.86,0.0128,0.27026006157539617,37525.4582461354,6620.86,0.0511,0.190465539454155,26446.033522125203,0.0,0.0007,0.1624779873036437,22559.97757470378,0.0,138849.44015550253,0.04857566657891499
2010-10-01,0.0036,0.36775522103861413,52506.315507463274,0.0,0.0419,0.27384155084313516,39097.774946648475,0.0,0.0393,0.1925079967074722,27485.362639544725,0.0,0.0499,0.1658952314107786,23685.720455681498,0.0,142775.17354933795,0.028273310929009643
2010-11-01,-0.0153,0.41039443882932075,58732.50585219909,7138.76,0.0334,0.23077286287296908,33026.44294566653,-7138.763,0.0112,0.19420547478285052,27793.198701107627,0.0,-0.0053,0.16462722351485962,23560.186137266384,0.0,143112.33363623964,0.0023614755879470817
2010-12-01,-0.006,0.40880774642424894,58380.11081708589,0.0,-0.0146,0.2278917276347999,32544.2568786598,0.0,0.024,0.19929329633547346,28460.23546993421,0.0,-0.0059,0.16400722960547776,23421.18103905651,0.0,142805.7842047364,-0.002142019654870597
2011-01-01,-0.0425,0.4375942451311666,61531.44028235974,5882.49,-0.0506,0.19284107469269815,27115.962340599614,-3983.1,0.0354,0.21030928890729586,29572.22037356988,100.92,0.0454,0.15925539126883925,22393.378584229675,-2000.31,140613.00158075892,-0.015354998652111762
2011-02-01,0.0033,0.4302127391197307,61734.49403529153,0.0,0.0473,0.19790259946871602,28398.547359309974,0.0,0.0205,0.21030631615581832,30178.45089122806,0.0,0.0354,0.1615783452557349,23186.104186111406,0.0,143497.59647194098,0.020514425115413903
2011-03-01,0.0223,0.4412597033868043,63111.17325227853,0.0,-0.007,0.1971666188577042,28199.757527794805,0.0,-0.0215,0.2064646896934999,29529.614197066658,0.0,-0.0432,0.15510898806199153,22184.464485271394,0.0,143025.0094624114,-0.0032933444263087974
2011-04-01,-0.0262,0.427803415804004,61457.66051306883,0.0,0.0612,0.20831034548315291,29925.582688495848,0.0,-0.0012,0.20530736561980495,29494.17866003018,0.0,0.0269,0.15857887309303817,22781.226579925195,0.0,143658.64844152005,0.004430266996592547
2011-05-01,-0.0279,0.42168379944152046,59742.99178475421,0.0,-0.0138,0.20830877389578037,29512.609647394605,0.0,-0.0091,0.20628425649605164,29225.781634223902,0.0,0.0182,0.16372317016664759,23195.844903679834,0.0,141677.22797005254,-0.01379255960544623
2011-06-01,-0.0378,0.4220254657013568,57484.7066952905,0.0,-0.0355,0.2089758900345114,28464.912004912097,0.0,-0.0312,0.20786750493384296,28313.937247236117,0.0,-0.0538,0.1611311393302889,21947.90844786186,0.0,136211.46439530057,-0.0385789844498321
2011-07-01,-0.0379,0.40616619889605443,55306.03631153899,0.0,0.0843,0.22666817479348136,30864.504086926187,0.0,-0.0215,0.20346623056392218,27705.18759642054,0.0,0.0156,0.16369939574654205,22290.295819648505,0.0,136166.02381453422,-0.0003336032026972635
2011-08-01,-0.0547,0.385648512244016,52280.796125297806,0.0,0.1418,0.2599553800092643,35241.09076645232,0.0,-0.0393,0.19633528348239243,26616.373723881214,0.0,-0.0387,0.15806082426432733,21427.66137142811,0.0,135565.92198705944,-0.004407133370451843
2011-09-01,-0.0921,0.3562480856602144,47465.73480215788,0.0,0.0183,0.2693378671361095,35886.00272747839,0.0,0.0614,0.21203145815692367,28250.619070527522,0.0,0.0097,0.16238258904675226,21635.509686730962,0.0,133237.86628689477,-0.017172868122321328
2011-10-01,0.0987,0.3773854394998957,52150.60282713086,0.0,-0.0327,0.25119563045189514,34712.53043828985,0.0,0.0149,0.20748037711325867,28671.553294678382,0.0,0.0471,0.16393855293495058,22654.54219297599,0.0,138189.22875307506,0.03716182646995225
2011-11-01,0.0431,0.36556573268743403,54398.2938089802,0.0,0.1218,0.26168685637072087,38940.51664567355,0.0,0.0967,0.2113096185183165,31444.09249827378,0.0,0.0604,0.16143779242352857,24022.87654143174,0.0,148805.77949435927,0.0768261812956097
2011-12-01,-0.0163,0.3662909181022626,53511.60161989382,0.0,-0.0935,0.24162825568874685,35299.57833930307,0.0,0.0202,0.2195849573117712,32079.26316673891,0.0,0.049,0.17249586889721938,25199.997491961894,0.0,146090.4406178977,-0.018247536390644803
2012-01-01,0.0744,0.46562557934956883,70631.80982041392,12229.1,0.0435,0.20099291426307864,30489.075182062756,-6081.49,-0.0191,0.1889352967652961,28660.027587254197,-2861.17,-0.0001,0.14444620962205634,21911.376135212697,-3286.43,151692.2887249436,0.03834506955658812
2012-02-01,0.0181,0.47824322549570825,71910.24557816342,0.0,-0.057,0.19121149578095095,28751.19789668518,0.0,0.0046,0.19148194613970154,28791.863714155566,0.0,-0.0457,0.1390633325836393,20910.026245833476,0.0,150363.33343483764,-0.00876086254137598
2012-03-01,0.0067,0.4572325586613903,72392.04422353712,0.0,0.0589,0.19229022156735148,30444.643452799937,0.0,0.1109,0.20201845821441133,31984.88140005542,0.0,0.1241,0.148458761556847,23504.960502941412,0.0,158326.52957933387,0.05295969411284185
2012-04-01,-0.0367,0.43873631033145943,69735.2562005333,0.0,0.0316,0.19759384101507868,31406.694185908415,0.0,0.0259,0.20644337589746245,32813.289828316854,0.0,0.0632,0.15722647275599935,24990.47400672731,0.0,158945.7142214859,0.003910807896801316
2012-05-01,-0.076,0.41743797533199956,64435.37672929277,0.0,0.0026,0.20399405422622002,31488.351590791775,0.0,0.0028,0.21317274770934988,32905.16703983614,0.0,0.0216,0.16539522273243043,25530.26824527262,0.0,154359.16360519332,-0.028856082334509203
2012-06-01,0.0234,0.407236570432385,65943.16454475823,0.0,0.0549,0.20513426281601735,33217.062093126246,0.0,0.071,0.21763591082557107,35241.4338996645,0.0,0.0782,0.16999325592602665,27526.735222052936,0.0,161928.3957596019,0.04903649370482799
2012-07-01,-0.0043,0.40739107462410423,65659.60893721577,0.0,-0.0086,0.2043258673236047,32931.39535912536,0.0,-0.0062,0.21730302960576955,35022.93700948658,0.0,0.0011,0.17098002844652155,27557.014630797195,0.0,161170.9559366249,-0.004677621978676827
2012-08-01,0.01,0.402956542717818,66316.20502658794,0.0,0.0532,0.21074609176036688,34683.34559223083,0.0,0.0247,0.21806594377971295,35888.003553620896,0.0,0.0047,0.16823142174210234,27686.532599561942,0.0,164574.08677200158,0.021115037852817986
2012-09-01,0.0154,0.404669307861888,67337.47458399739,0.0,0.0372,0.21618568507369526,35973.56604826181,0.0,0.0142,0.2187340263963659,36397.613204082314,0.0,-0.0359,0.1604109806680509,26692.58607923767,0.0,166401.23991557918,0.011102313732470614
2012-10-01,-0.0123,0.4064428034512418,66509.22364661422,0.0,-0.0286,0.21354979085403689,34944.72205928152,0.0,-0.0189,0.21822461754284134,35709.69831452516,0.0,-0.0082,0.16178278815188,26473.70687338792,0.0,163637.35089380882,-0.01660978622017828
2012-11-01,-0.0016,0.39850064173494715,66402.80888877963,0.0,0.0297,0.21594088537152856,35982.580304442185,0.0,0.0356,0.22193244477213656,36980.963574522255,0.0,0.0299,0.16362602812138774,27265.27070890222,0.0,166631.6234766463,0.01829822205310916
2012-12-01,0.0591,0.41786213739763645,70327.21489410651,0.0,-0.0461,0.203941098716996,34323.7833524074,0.0,-0.0166,0.2160817206646091,36367.079579185185,0.0,0.0007,0.1621150432207586,27284.35639839845,0.0,168302.43422409752,0.010026972747375407
2013-01-01,-0.0145,0.44729264034071997,74637.92151814197,5408.88,-0.0356,0.19454044021758046,32462.179789061694,-663.29,0.02,0.20575614556044283,34333.69937076888,-2706.59,0.0074,0.15241077388125668,25432.172035746597,-2039.0,166865.97271371915,-0.00853500139199237
2013-02-01,-0.0361,0.44258933445489745,71943.49255133704,0.0,-0.0574,0.18824113860039257,30598.850669169555,0.0,0.0036,0.2119779459963636,34457.30068850365,0.0,0.0047,0.1571915809483463,25551.703244314605,0.0,162551.34715332487,-0.025856832823529574
2013-03-01,0.0117,0.4341037582732046,72785.23141418769,0.0,0.0338,0.18866525226108707,31633.091821787486,0.0,0.0606,0.21796318937998155,36545.413110226975,0.0,0.0451,0.1592678000857268,26704.085060633195,0.0,167667.82140683534,0.03147604952596561
2013-04-01,0.0048,0.43691124711511575,73134.60052497579,0.0,-0.0823,0.17342539995853612,29029.688364854377,0.0,0.0106,0.2206391117732296,36932.79448919538,0.0,0.0595,0.16902424115311843,28292.97812174087,0.0,167390.06150076643,-0.001656608308847396
2013-05-01,-0.0291,0.42415257315603677,71006.383649699,0.0,-0.0098,0.1717077933618634,28745.197418878804,0.0,0.074,0.2369415156509361,39665.82128139584,0.0,-0.0107,0.16719811783116378,27990.243255838242,0.0,167407.64560581188,0.00010504868023697433
2013-06-01,-0.1073,0.3999453319119696,63387.39868408629,0.0,-0.0785,0.16713151039445676,26488.699421496818,0.0,0.0202,0.25532860516616396,40467.07087128003,0.0,0.0056,0.17759455252740952,28146.988618070936,0.0,158490.1575949341,-0.0532681048025454
2013-07-01,0.0345,0.38783144166177286,65574.26393868728,0.0,0.117,0.17499409679667663,29587.877253811945,0.0,0.0946,0.26197919541011655,44295.255775703125,0.0,0.0524,0.17519526613143385,29621.890821657853,0.0,169079.28778986022,0.06681254126826985
2013-08-01,0.0146,0.38591683325188414,66531.64819219211,0.0,0.0985,0.18852949735451735,32502.283163312422,0.0,0.0086,0.25914427426830994,44676.19497537417,0.0,-0.0315,0.16640939512528866,28688.80126077563,0.0,172398.92759165433,0.019633627780121232
2013-09-01,0.0747,0.41422824897550126,71501.56231214886,0.0,-0.0955,0.1703125386593439,29398.315121216085,0.0,-0.0209,0.253412136203546,43742.46250038885,0.0,-0.025,0.1620470761616089,27971.58122925624,0.0,172613.92116301003,0.0012470702362195052
2013-10-01,0.0132,0.4179727352573741,72445.38293466922,0.0,-0.0353,0.16362586680226,28360.554597437156,0.0,0.011,0.25514768054341885,44223.62958789313,0.0,0.0116,0.16325371739694705,28296.051571515614,0.0,173325.61869151512,0.004123059853515354
2013-11-01,-0.0032,0.40628613964139626,72213.55770927828,0.0,0.0073,0.16072625231954954,28567.586645998446,0.0,0.0947,0.27237219258668044,48411.60730986661,0.0,0.0089,0.16061541545237376,28547.8864305021,0.0,177740.63809564544,0.02547239950712754
2013-12-01,-0.0333,0.3951148024929562,69808.84623755931,0.0,-0.0216,0.15819867339559382,27950.52677444488,0.0,0.0398,0.28491292737904367,50338.3892807993,0.0,0.0012,0.1617735967324063,28582.143894218705,0.0,176679.9061870222,-0.005967863736668022
2014-01-01,-0.1047,0.4155959945658761,71181.68261948685,9697.11,0.0522,0.2170793446063314,37180.5147620709,7385.45,-0.0168,0.20284397144606206,34742.33482888188,-15002.41,0.063,0.1644806893817304,28171.619509554483,-2080.15,171276.15171999412,-0.03058499737546838
2014-02-01,0.0075,0.41362157073395717,71715.545239133,0.0,0.027,0.22022961357497137,38184.388660646815,0.0,0.0058,0.20153965355055384,34943.8403708894,0.0,0.0131,0.16460916214051774,28540.667725129646,0.0,173384.44199579884,0.012309304328902648
2014-03-01,0.0706,0.4390960170254188,76778.6627330158,0.0,-0.057,0.20592851543838592,36007.878506989946,0.0,-0.0186,0.19612621201596825,34293.88493999085,0.0,-0.0268,0.15884925552022702,27775.777830096173,0.0,174856.20401009277,0.00848843181863801
2014-04-01,0.0289,0.44639280025663863,78997.56608599995,0.0,-0.0079,0.2018628751764756,35723.41626678473,0.0,-0.0089,0.19206031332518442,33988.66936402493,0.0,0.0174,0.15968401124170128,28259.076364339846,0.0,176968.72808114946,0.012081493379181074
2014-05-01,-0.0132,0.442825678723675,77954.79821366475,0.0,-0.033,0.19623180721904349,34544.54352998083,0.0,0.0194,0.19681977774143197,34648.04954968701,0.0,0.0224,0.16412273631584953,28892.07967490106,0.0,176039.47096823365,-0.005250967913888682
2014-06-01,0.0177,0.4425742126427519,79334.59814204661,0.0,0.0506,0.20246051347373392,36292.49743259786,0.0,0.0091,0.19504574352189497,34963.34680058916,0.0,-0.0078,0.15991953036161932,28666.721453436832,0.0,179257.16382867045,0.018278246592875913
2014-07-01,0.0352,0.45059621961909724,82127.17599664665,0.0,-0.0148,0.1961742099179935,35755.368470595415,0.0,0.0045,0.19269195957430943,35120.68186119181,0.0,0.0207,0.16053761088859977,29260.122587522976,0.0,182263.34891595686,0.016770236809947825
2014-08-01,0.1037,0.4700959243769313,90643.7641474989,0.0,0.001,0.18561962429358367,35791.12383906601,0.0,0.0344,0.188408288649647,36328.83331721681,0.0,0.0272,0.15587616267983792,30055.9979219036,0.0,192819.71922568535,0.057918228609944666
2014-09-01,-0.1164,0.3811749151246443,71574.05123673003,-9640.99,0.0254,0.24809897464200792,46586.08953057828,9640.99,0.0751,0.20800272528576963,39057.128699339795,0.0,0.0166,0.16272338494757813,30554.9274874072,0.0,187772.1969540553,-0.026177417392264646
2014-10-01,-0.0216,0.3749036298984258,70028.05173001665,0.0,-0.046,0.23793165922859372,44443.129412171686,0.0,0.006,0.21035163644878577,39291.471471535835,0.0,0.0809,0.1768130744241948,33026.82112113844,0.0,186789.4737348626,-0.0052335928062510195
2014-11-01,0.0173,0.41366574984161303,80740.57985594594,9339.47,0.0462,0.1881589184722055,36725.44847701402,-9339.47,0.0768,0.21676593858186055,42309.056480549785,0.0,0.0721,0.18140939310432092,35408.05492397252,0.0,195183.13973748227,0.04493650436926666
2014-12-01,-0.0815,0.3802606866485701,74160.22259768634,0.0,0.0663,0.20079686155014387,39160.34571104005,0.0,0.0467,0.22707324585137975,44284.88941819146,0.0,0.0568,0.1918692059499064,37419.23244365416,0.0,195024.690170572,-0.0008117994572860443
2015-01-01,-0.0783,0.42514928169125654,80889.4174812875,13600.89,0.0647,0.2182712634062951,41528.55505154433,-155.41,-0.048,0.19516696018804308,37132.70232611827,-5279.95,0.0498,0.1614124947144053,30710.536825348136,-8165.53,190261.21168429824,-0.02442500219899102
2015-02-01,0.1487,0.4357391463380279,92917.67386075495,0.0,0.0531,0.20509009324537336,43733.721324781334,0.0,0.1751,0.20462544252606282,43634.63850342158,0.0,0.0731,0.15454531789053594,32955.477067281085,0.0,213241.51075623895,0.12078289036691348
2015-03-01,-0.0153,0.4093637113102386,91496.0334506854,0.0,0.0834,0.2119885181017064,47381.1136832681,0.0,0.0913,0.2130505266015142,47618.48099878397,0.0,0.1231,0.16559724398654083,37012.29629426339,0.0,223507.92442700086,0.04814453637264693
2015-04-01,0.056,0.44770268148015585,96619.81132392379,0.0,-0.0846,0.20097391054755026,43372.67146566362,0.0,-0.0773,0.20359146555492716,43937.57241757797,0.0,-0.1386,0.14773194241736667,31882.392027878483,0.0,215812.44723504386,-0.034430444520862635
2015-05-01,-0.0456,0.4182221252321428,92213.94792755286,0.0,0.0764,0.21173870400473402,46686.343565640316,0.0,0.0822,0.21565224151965082,47549.24087030288,0.0,0.0677,0.15438692924347228,34040.829968165854,0.0,220490.36233166192,0.021675835460608583
2015-06-01,0.0011,0.4289100013089062,92315.38327027316,0.0,-0.0285,0.21072922149948448,45355.782774019564,0.0,-0.0349,0.21321021077335867,45889.77236392931,0.0,-0.0696,0.1471505664182506,31671.58820238151,0.0,215232.52661060356,-0.023846102230761113
2015-07-01,-0.0534,0.39723980543538145,87385.74180364057,0.0,0.0095,0.2081379022618329,45786.66271037275,0.0,0.1025,0.22998879869472436,50593.474031232065,0.0,0.1435,0.16463349360806126,36216.46110942325,0.0,219982.33965466864,0.02206828641963776
2015-08-01,-0.0792,0.3704192918071835,80464.79105279224,0.0,0.1,0.2318565579905563,50365.32898141003,0.0,-0.0046,0.23183545128327884,50360.744050688394,0.0,-0.005,0.16588869891898128,36035.378803876134,0.0,217226.2428887668,-0.012528718306334952
2015-09-01,0.0007,0.34414028403653585,80521.1164065292,0.0,0.1145,0.23990399109547678,56132.15914978147,0.0,0.1043,0.23768672968633792,55613.36965517519,0.0,0.1575,0.17826899518164943,41710.95096548663,0.0,233977.5961769725,0.07711477704276914
2015-10-01,-0.0134,0.34140797340726586,79442.1334466817,0.0,-0.0301,0.23397069658454062,54442.581159373054,0.0,0.0255,0.24509679691586916,57031.51058138216,0.0,0.0015,0.17952453309232433,41773.51739193486,0.0,232689.74257937178,-0.005504174838289355
2015-11-01,-0.0157,0.3437420776799848,78194.8919515688,0.0,-0.0678,0.22310130959150928,50751.37415676756,0.0,0.0001,0.25073364594722786,57037.213732440294,0.0,-0.0066,0.182422966781278,41497.81217714809,0.0,227481.29201792474,-0.02238367064964375
2015-12-01,-0.0543,0.3262235374568745,73948.90931859861,0.0,0.0266,0.22984369010351235,52101.360709337576,0.0,0.0118,0.254587160340784,57710.252854483086,0.0,0.0343,0.1893456120988291,42921.187134824264,0.0,226681.71001724355,-0.0035149352001139222
2016-01-01,-0.0139,0.44169773045000776,100588.87522507009,28057.86,0.0835,0.21570022340270362,49121.92515856726,-6765.02,-0.0238,0.19433924139265218,44257.33789454639,-12373.91,-0.007,0.14826280475463643,33764.24133488049,-8918.93,227732.37961306423,0.004634999426026631
2016-02-01,0.0153,0.4403138956540215,102127.88501601366,0.0,0.0882,0.2304635004070188,53454.47895755289,0.0,-0.0215,0.18670853467838158,43305.80512981364,0.0,-0.021,0.14251406926057814,33055.192266848004,0.0,231943.3613702282,0.018490922390214104
2016-03-01,0.1597,0.4917878178925483,118437.70825307105,0.0,-0.101,0.19954073321602242,48055.57658284005,0.0,-0.0368,0.17320098699027478,41712.1515010365,0.0,-0.013,0.1354704619011544,32625.47476737898,0.0,240830.9111043266,0.03831775861828657
2016-04-01,0.0822,0.5171046338561381,128173.28787147348,0.0,0.0119,0.1961834163035585,48627.43794417584,0.0,-0.0329,0.16274770730332536,40339.8217166524,0.0,-0.0582,0.12396424253697795,30726.67213591752,0.0,247867.21966821924,0.029216800001410803
2016-05-01,-0.117,0.4834244367777438,113177.01319051109,0.0,-0.0374,0.1999390467098938,46808.77176506367,0.0,0.0399,0.17918263717664282,41949.38060314683,0.0,0.0473,0.13745387933571968,32180.04372794642,0.0,234115.209286668,-0.05548135973751955
2016-06-01,0.0746,0.5138458135154442,121620.01837452322,0.0,-0.0145,0.19489990709323712,46130.044574470245,0.0,-0.0932,0.16071811200149605,38039.69833093354,0.0,-0.0399,0.1305361673898226,30896.059983201358,0.0,236685.82126312837,0.010980115235968091
2016-07-01,0.1166,0.5301238963456206,135800.91251699263,0.0,0.0359,0.18654190194938192,47786.113174693724,0.0,0.0497,0.15587517514788113,39930.271337980936,0.0,0.0568,0.12745902655711638,32650.956190247194,0.0,256168.25321991448,0.08231347299476433
2016-08-01,-0.0043,0.5379866314111963,135216.96859316956,0.0,-0.0432,0.18191275977141244,45721.75308554695,0.0,-0.0139,0.15666194305130982,39375.240566383,0.0,-0.0498,0.12343866576608141,31024.938571972885,0.0,251338.9008170724,-0.01885226737559942
2016-09-01,0.0126,0.5407878737735633,136920.7023974435,0.0,0.0116,0.1826793766475834,46252.1254213393,0.0,0.0051,0.1563112800245541,39576.054293271554,0.0,-0.0189,0.12022146955429908,30438.567232962596,0.0,253187.44934501697,0.007354804695712369
2016-10-01,0.0997,0.5769512430930301,150571.6964264686,0.0,-0.0466,0.16896727971288847,44096.77637670489,0.0,-0.0367,0.1460796849054094,38123.61310070849,0.0,-0.074,0.10800179228867196,28186.113257723366,0.0,260978.19916160536,0.030770679339527485
2016-11-01,-0.0584,0.5536959324736381,141778.30935516284,0.0,-0.0248,0.1679430649268249,43003.176322562605,0.0,0.0979,0.1634625909493012,41855.914823267856,0.0,0.0438,0.11489841165023583,29420.665018411648,0.0,256058.06551940495,-0.018852661479029198
2016-12-01,-0.0467,0.551022486482735,135157.26230827672,0.0,-0.0606,0.1646952320935669,40397.18383741531,0.0,-0.025,0.1663762724946183,40809.51695268616,0.0,-0.017,0.11790600892907978,28920.51371309865,0.0,245284.47681147684,-0.042074787552871085
2017-01-01,0.0621,0.4733535399469584,119356.6974936207,-22779.24,0.0104,0.19657682122170797,49567.095637324426,8659.72,-0.0224,0.19019544087132467,47958.022460945984,8247.38,-0.0414,0.13987419796000897,35269.457021376365,7872.16,252151.27261326747,0.027995231867316228
2017-02-01,0.0178,0.47067390599587516,121481.24670900714,0.0,0.0256,0.19696196397889193,50836.01328563993,0.0,0.0316,0.1916829487894911,49473.495970711876,0.0,0.0295,0.14068118123574186,36309.90600350697,0.0,258100.6619688659,0.023594524405685657
2017-03-01,0.0066,0.4709670967064635,122283.02293728659,0.0,0.0143,0.19859225657835422,51562.96827562458,0.0,0.0134,0.1930980556700468,50136.44081671941,0.0,-0.0179,0.13734259104513544,35659.95868604419,0.0,259642.3907156748,0.005973362234130475
2017-04-01,0.0019,0.4666243118359986,122515.36068086744,0.0,0.0252,0.20133687663623942,52862.35507617032,0.0,0.0189,0.19456372927445678,51084.01954815541,0.0,0.0122,0.13747508225330526,36095.01018201393,0.0,262556.7454872071,0.011224495212431185
2017-05-01,-0.0316,0.4522463606553127,118643.87528335203,0.0,0.024,0.2063365767948311,54131.05159799841,0.0,0.0354,0.20161506494483472,52892.39384016011,0.0,0.0161,0.1398019976050214,36676.13984594436,0.0,262343.4605674549,-0.0008123383741536205
2017-06-01,-0.0153,0.4456469038874406,116828.62399151674,0.0,-0.0073,0.20497746512063503,53735.89492133303,0.0,0.0193,0.20565386659694382,53913.2170412752,0.0,0.0273,0.1437217643949805,37677.39846373864,0.0,262155.1344178636,-0.0007178610405761399
2017-07-01,0.0494,0.4663338538799996,122599.95801669767,0.0,-0.0311,0.19803869919980785,52064.70858927957,0.0,-0.0339,0.19811800791152728,52085.558983575975,0.0,-0.0405,0.1375094390086654,36151.463825957224,0.0,262901.6894155104,0.002847760351154527
2017-08-01,0.0679,0.4768081071626788,130924.49516603144,0.0,0.0503,0.19914964223870427,54683.56343132033,0.0,0.0097,0.1915280595928752,52590.78890571666,0.0,0.0065,0.13251419100574183,36386.44834082595,0.0,274585.29584389436,0.04444097127850055
2017-09-01,0.0495,0.43933688917455055,122996.38881175,-13729.27,-0.0242,0.238453500076933,66757.24286228238,13729.27,0.0264,0.1928109253380797,53979.18573282758,0.0,-0.0044,0.12939868541043686,36226.34796812631,0.0,279959.16537498625,0.0195708568974029
2017-10-01,-0.0042,0.4296921227613822,122479.80397874066,0.0,0.0261,0.24031506045449477,68499.60690098794,0.0,0.0564,0.20005418043959233,57023.611808159054,0.0,0.0224,0.12993863634453057,37037.81816261234,0.0,285040.84085050004,0.018151488159736662
2017-11-01,-0.0491,0.41642639636222367,116466.0456033845,0.0,-0.0099,0.24249682701592398,67821.46079266816,0.0,0.0147,0.20688609512273518,57861.85890173899,0.0,0.0133,0.13419068149911723,37530.42114417508,0.0,279679.7864419667,-0.018808022010239345
2017-12-01,0.0665,0.42506413164475515,124211.03763600957,0.0,0.0429,0.2420494368974585,70731.00146067362,0.0,0.0304,0.2040292820698437,59620.859412351856,0.0,0.0033,0.12885714938794257,37654.27153395086,0.0,292217.17004298593,0.044827635777749286
2018-01-01,0.1062,0.42912352955450805,129300.25297895378,-7324.17,-0.0087,0.24034428116532922,72418.71912496576,2323.29,0.0144,0.19675595532705106,59285.01479588972,-1177.43,-0.0804,0.13377623395311156,40308.44197862121,6178.31,301312.4288784305,0.031124998007840077
2018-02-01,-0.0023,0.43314085176205147,129002.86239710219,0.0,0.002,0.2436398705629114,72563.5565632157,0.0,-0.0178,0.19551255977284135,58229.74153252289,0.0,-0.0564,0.12770671790219576,38035.045851026975,0.0,297831.20634386776,-0.011553531155421792
2018-03-01,0.0078,0.4300030015616682,130009.08472379959,0.0,0.0266,0.2463868963294449,74493.74716779724,0.0,-0.0061,0.19141913054627094,57874.5401091745,0.0,0.0508,0.13219097156261594,39967.226180259146,0.0,302344.5981810305,0.015154193855534626
2018-04-01,-0.0192,0.4156147497444337,127512.91029710264,0.0,0.0332,0.25086554181073717,76966.9395737681,0.0,0.0435,0.19684156090150182,60392.08260392359,0.0,0.0492,0.13667814754332727,41933.613708327895,0.0,306805.54618312226,0.014754515307797034
2018-05-01,-0.0923,0.37220549490947935,115743.46867668007,0.0,0.0635,0.263225524227175,81854.34023670238,0.0,0.1012,0.21386144457763753,66503.76136344066,0.0,0.1176,0.15070753628570813,46865.00668042726,0.0,310966.57695725036,0.013562436617897689
2018-06-01,-0.0671,0.3490878208166591,107977.08192847484,0.0,0.0004,0.2647393547628411,81887.08197279707,0.0,0.0418,0.22399260101647844,69283.61858843248,0.0,0.0704,0.16218022340402138,50164.303150729334,0.0,309312.0856404337,-0.005320479560876112
2018-07-01,0.0872,0.37552014120344474,117392.68347263784,0.0,-0.0569,0.24703890040495205,77227.70700854491,0.0,0.0,0.22162705090115745,69283.61858843248,0.0,-0.029,0.15581390749044594,48709.53835935819,0.0,312613.54742897337,0.010673562210490317
2018-08-01,0.0008,0.34860595793513216,117486.59761941596,0.0,0.0932,0.2505066398344545,84425.3293017413,0.0,0.1471,0.23581874310981102,79475.2388827909,0.0,0.1421,0.16506865912060234,55631.16376022298,0.0,337018.32956417114,0.07806693707265722
2018-09-01,0.0051,0.30934164679715226,101148.91957527498,-16850.92,-0.042,0.2967223522838063,97022.64683106815,16850.92,-0.0289,0.23603311670538796,77178.40447907825,0.0,-0.0719,0.15790288421365353,51631.283085862946,0.0,326981.2539712843,-0.02978198724641079
2018-10-01,0.0967,0.3526941043738256,110930.02009820407,0.0,-0.0596,0.2900913954049674,91240.09707993649,0.0,-0.1426,0.21039159383895167,66172.7640003617,0.0,-0.1056,0.14682290638225526,46179.01959199582,0.0,314521.9007704981,-0.03810418196598031
2018-11-01,0.0327,0.3958091037267757,130797.77522541535,15726.1,0.0479,0.23945985821588717,79131.11754006543,-15726.1,0.0604,0.21234127277633025,70169.59894598354,0.0,0.0905,0.1523897652810069,50358.220865071446,0.0,330456.71257653576,0.05066360010861404
2018-12-01,-0.033,0.39466684769944715,126481.44864297664,0.0,0.057,0.26099134304175287,83641.59123984916,0.0,-0.085,0.20034287610148638,64205.18303557494,0.0,-0.0836,0.1439989331573137,46148.273600751476,0.0,320476.4965191522,-0.030201281068158337
2019-01-01,0.1279,0.4249452969118867,144180.13220941334,1349.15,-0.0215,0.23105991798012088,78396.56013319241,-3522.47,0.0243,0.19350000719766736,65652.81889933941,-109.88,0.0622,0.15049477791032514,51061.52988071822,1923.21,339291.04112266336,0.05870803259479218
2019-02-01,-0.0419,0.40965303402359954,138138.98466983892,0.0,0.0046,0.2335554990561023,78757.1843098051,0.0,0.0409,0.20265732347901214,68338.01919232239,0.0,0.0179,0.15413414344128606,51975.53126558308,0.0,337209.7194375495,-0.0061343254989200124
2019-03-01,-0.0018,0.39601941511263905,137890.3344974332,0.0,0.0303,0.23304325294166292,81143.5269943922,0.0,0.0659,0.20919991394009366,72841.49465709644,0.0,0.0835,0.16173741800560437,56315.48812625927,0.0,348190.8442751811,0.03256467475477187
2019-04-01,0.0211,0.39581529399858795,140799.82055532906,0.0,0.0045,0.22913650874405733,81508.67286586697,0.0,0.051,0.21521475071667667,76556.41088460835,0.0,0.0096,0.15983344654067802,56856.11681227136,0.0,355721.02111807576,0.021626579120912925
2019-05-01,0.0158,0.40131939395894595,143024.45772010327,0.0,0.0267,0.23481574921689158,83684.95443138562,0.0,-0.0569,0.20259053319325396,72200.35110527414,0.0,0.0109,0.1612743236309086,57475.848485525115,0.0,356385.6117422881,0.0018682916801584515
2019-06-01,0.0069,0.3998590966290861,144011.32647837198,0.0,0.0356,0.24062999141644575,86664.13880914294,0.0,0.0253,0.2055420088300169,74027.01998823757,0.0,-0.0352,0.15396890312445133,55452.698618834635,0.0,360155.1838945871,0.01057722878841938
2019-07-01,0.0104,0.4017753181335932,145509.04427374704,0.0,-0.0051,0.2380740840050261,86222.15170121631,0.0,0.0057,0.20556633000879654,74448.97400217052,0.0,0.0096,0.15458426785258425,55985.044525575446,0.0,362165.2145027093,0.005581012569044308
2019-08-01,0.0128,0.37434598253278356,147371.560040451,0.0,0.1837,0.2592507371896502,102061.16096872975,0.0,0.0797,0.2041838150899423,80382.55723014352,0.0,0.1407,0.1622194651876239,63862.14029032391,0.0,393677.4185296482,0.08701057629239317
2019-09-01,0.0256,0.38187884064521554,151144.27197748655,0.0,-0.0337,0.24917610112627278,98621.69984408356,0.0,0.015,0.20613975853635386,81588.29558859568,0.0,0.009,0.1628052996921579,64436.89955293682,0.0,395791.1669631026,0.005369239722585739
2019-10-01,0.0151,0.3904904971827661,153426.5504843466,0.0,-0.0148,0.24729016003811408,97162.09868639112,0.0,-0.0215,0.20318827313092117,79834.14723344088,0.0,-0.0303,0.15903106964819863,62484.461496482836,0.0,392907.25790066144,-0.0072864411921299554
2019-11-01,0.0002,0.3801209977410939,153457.23579444346,0.0,0.0164,0.2446222930110385,98755.55710484793,0.0,0.0862,0.21479935779433879,86715.85072496347,0.0,0.0367,0.16045735145352885,64777.64123340376,0.0,403706.2848576586,0.027484926124035747
2019-12-01,0.0717,0.4009721359126843,164460.11960090505,0.0,-0.0057,0.23940464636125364,98192.6504293503,0.0,-0.0134,0.20858985990946272,85553.85832524896,0.0,-0.0437,0.15103335781659918,61946.85831150402,0.0,410153.4866670084,0.01597003081491022
2020-01-01,-0.0264,0.37553217798561284,159730.17865144115,-398.72,0.1061,0.26664962803315667,113417.69153190436,4345.72,0.0539,0.2032525448138997,86452.15296497988,-3523.16,0.0686,0.15456564916733076,65743.49736767319,-423.84,425343.5205159986,0.037034998708477485
2020-02-01,-0.0731,0.3558672516634041,148053.9025920208,0.0,0.0547,0.28752652417254687,119621.63925869954,0.0,-0.0315,0.20125357465749402,83728.91014658302,0.0,-0.0169,0.15535264950655497,64632.43226215951,0.0,416036.8842594629,-0.021880282189900346
2020-03-01,-0.289,0.2716809328102957,105266.3247429268,0.0,0.1499,0.35500913058591843,137552.92298357858,0.0,0.0128,0.2188612273464251,84800.64019645928,0.0,-0.0741,0.15444870925736073,59843.16903153349,0.0,387463.05695449817,-0.06868099533007876
2020-04-01,0.0756,0.3891591070462615,166702.10773349207,49718.9,0.099,0.2253442985731815,96529.59125895286,-49718.9,0.1575,0.2291428117385482,98156.74102740161,0.0,0.1192,0.15635378264200886,66976.47478009228,0.0,428364.9147999388,0.10556324560832642
2020-05-01,0.1165,0.40510889270560857,186122.9032844439,0.0,0.0396,0.21842316526144304,100352.1630728074,0.0,0.0589,0.22622835481707787,103938.17307391558,0.0,0.0306,0.15023958721587052,69025.9549083631,0.0,459439.19433952996,0.07254160755463346
2020-06-01,0.0575,0.41347183415746325,196824.9702232994,0.0,0.0302,0.2171770950875489,103382.79839760618,0.0,0.0182,0.22231763194829174,105829.84782386084,0.0,0.014,0.14703343880669612,69992.31827708018,0.0,476029.9347218466,0.03611085120016111
2020-07-01,0.079,0.427049379174943,212374.14287094006,0.0,0.0569,0.21971445863915648,109265.27962642997,0.0,0.0062,0.21412577131870497,106485.99288036878,0.0,-0.0116,0.13911039086719554,69180.40738506605,0.0,497305.82276280486,0.04469443303684284
2020-08-01,-0.0417,0.39973220298306283,203518.14111322188,0.0,0.0416,0.2235368684318156,113810.71525888945,0.0,0.1189,0.23401827205344114,119147.17743384463,0.0,0.0503,0.14271265653168042,72660.18187653487,0.0,509136.21568249085,0.023788969238207835
2020-09-01,-0.0305,0.39124108155501053,197310.83780926862,0.0,0.0017,0.22605511411397886,114004.19347482956,0.0,0.0042,0.2372452279841855,119647.59557906678,0.0,0.0096,0.1454585763468251,73357.7196225496,0.0,504320.34648571454,-0.009458901269320807
2020-10-01,-0.0036,0.38891553884411456,196600.51879315526,0.0,0.0221,0.23050738861503914,116523.6861506233,0.0,-0.0023,0.23614273212542464,119372.40610923493,0.0,-0.0047,0.14443434041542155,73012.93834032361,0.0,505509.54939333716,0.0023580307951274193
2020-11-01,0.1447,0.4300515551639402,225048.61386252483,0.0,-0.1251,0.19481249635571743,101946.57301318033,0.0,0.0242,0.23363230805863688,122261.21833707842,0.0,0.0142,0.14150364042170543,74049.7220647562,0.0,523306.1272775398,0.035205225906336235
2020-12-01,0.0843,0.4468657742305122,244020.21201113568,0.0,0.0389,0.1939535220590748,105912.29470339304,0.0,0.0087,0.22584060728447883,123324.890936611,0.0,-0.0167,0.1333400964259343,72813.09170627478,0.0,546070.4893574144,0.043501042493625075
2021-01-01,-0.0341,0.38429633284129455,210979.80032255594,-25592.01,0.019,0.2533892992991674,139111.4595727575,30605.33,0.0356,0.2060137084787065,113102.12292995435,-14110.79,0.0476,0.15630065938083162,85809.51491949345,9097.48,549002.8977447612,0.00537001805535664
2021-02-01,-0.0518,0.36991872583719204,200051.04666584753,0.0,-0.0466,0.24524690959455145,132628.865556667,0.0,0.0427,0.21806984697459758,117931.5835790634,0.0,0.051,0.1667645175936588,90185.80018038761,0.0,540797.2959819656,-0.014946372408056963
2021-03-01,0.0944,0.37613373664011107,218935.86547110355,0.0,0.0286,0.23437428003993377,136422.05111158767,0.0,0.088,0.22043695421572054,128309.56293402099,0.0,0.0911,0.16905502910423448,98401.72657682092,0.0,582069.2060935332,0.07631678341998205
2021-04-01,-0.0171,0.37830744888805645,215192.06217154767,0.0,-0.0422,0.22970902203487822,130665.04055467868,0.0,-0.027,0.21947775597540076,124845.20473480242,0.0,-0.0028,0.1725057731016646,98126.20174240581,0.0,568828.5092034346,-0.022747633359547548
2021-05-01,0.0742,0.39213974021587,231159.31318467652,0.0,0.056,0.23407379004648074,137982.2828257407,0.0,-0.0129,0.20905592425746336,123234.70159372347,0.0,-0.0104,0.16473054548018568,97105.68924428479,0.0,589481.9868484256,0.03630879484910721
2021-06-01,-0.0147,0.40535605568422794,227761.27128086178,0.0,-0.1202,0.21605487527603595,121396.81243008666,0.0,-0.0333,0.21202229130346392,119130.98603065248,0.0,-0.0362,0.1665667777362722,93590.46329364167,0.0,561879.5330352426,-0.04682493176891678
2021-07-01,-0.054,0.37919362469329687,215462.16263169525,0.0,0.051,0.22454325392708327,127588.04986402109,0.0,0.0488,0.2198909864051699,124944.57814894832,0.0,0.0708,0.17637213497444992,100216.6680948315,0.0,568211.4587394962,0.011269187311466755
2021-08-01,-0.007,0.3690891761480603,213953.92749327337,0.0,0.0198,0.22445849844345522,130114.29325132871,0.0,0.0498,0.2262741956305514,131166.81814076594,0.0,0.0422,0.18017812977793307,104445.81148843339,0.0,579680.8503738014,0.020185076273802283
2021-09-01,-0.0779,0.3512269707387938,197286.91654154737,0.0,0.0118,0.2343739044537895,131649.6419116944,0.0,-0.0051,0.23232341732083495,130497.86736824804,0.0,-0.0208,0.18207570748658183,102273.33860947398,0.0,561707.7644309638,-0.03100514003739796
2021-10-01,-0.0486,0.31990716438721234,187698.77239762817,0.0,0.0583,0.2374603001246738,139324.81603514618,0.0,0.1147,0.24792707093693858,145465.9727553861,0.0,0.117,0.19470546455117532,114239.31922678243,0.0,586728.8804149429,0.04454472159438039
2021-11-01,-0.0194,0.3198070820413222,184057.4162131142,0.0,-0.0131,0.23891113030514172,137499.66094508578,0.0,-0.0165,0.24858249087639692,143065.7842049222,0.0,-0.0292,0.19269929677713915,110903.5311053604,0.0,575526.3924684826,-0.019093125156098845
2021-12-01,-0.0366,0.3021529651123785,177320.91477971422,0.0,0.0259,0.24036628675809116,141060.9021635635,0.0,0.0383,0.25311945756096027,148545.20373997072,0.0,0.0814,0.20436129056857005,119931.07853733673,0.0,586858.0992205852,0.01968929123041585
2022-01-01,0.0852,0.4404667697364353,254743.36923494586,57422.33,-0.0538,0.24003044910385213,138821.29033316378,5653.63,-0.0873,0.18522577652173342,107125.08098747129,-31173.58,-0.1178,0.13427700463797926,77658.92667163846,-31902.37,578348.6672272193,-0.014499982201263584
2022-02-01,0.0005,0.4482116948319053,254870.74091956334,0.0,0.0219,0.24947537181006565,141861.47659146006,0.0,-0.0683,0.17552155643049785,99808.437956027,0.0,-0.0716,0.12679137692753117,72098.54752194915,0.0,568639.2029889995,-0.016788253848270984
2022-03-01,0.0623,0.4752633724328656,270749.18807885214,0.0,-0.0625,0.2334548683053011,132995.1343044938,0.0,-0.0429,0.16768405103851086,95526.65596771345,0.0,-0.0234,0.12359770822332247,70411.44150993554,0.0,569682.4198609949,0.0018345848589260694
2022-04-01,-0.1028,0.4516727578839669,242916.17154434614,0.0,0.0135,0.2506264917531321,134790.56861760447,0.0,-0.0558,0.1677088730423637,90196.26856471504,0.0,-0.0071,0.12999187732053724,69911.52027521499,0.0,537814.5290018807,-0.05593974774031141
2022-05-01,0.0354,0.47619183152087163,251515.404017016,0.0,-0.0674,0.23799743109138805,125705.68429277792,0.0,-0.0374,0.16438106175341305,86822.92812039469,0.0,-0.0826,0.12142967563432733,64136.828700482234,0.0,528180.8451306708,-0.017912650833529553
2022-06-01,-0.1529,0.42703175820995665,213058.69874281425,0.0,0.0728,0.2702928675113556,134857.05810929215,0.0,-0.0013,0.1737922407051921,86710.05831383818,0.0,0.0026,0.12888313357349557,64303.58445510349,0.0,498929.3996210481,-0.05538149627971822
2022-07-01,0.0598,0.432501414175255,225799.60892763454,0.0,-0.0229,0.25239284615845053,131768.83147858936,0.0,0.0915,0.18128320252004623,94644.02864955437,0.0,0.0865,0.13382253714624834,69865.84451046993,0.0,522078.31356624817,0.04639717355357753
2022-08-01,0.0394,0.4553984452484742,234696.11351938333,0.0,-0.0422,0.2448911964498128,126208.18679019289,0.0,-0.0537,0.1737831656500402,89561.6443110733,0.0,-0.0711,0.12592719265167274,64898.38296577553,0.0,515364.32758642506,-0.01286011275580623
2022-09-01,0.0228,0.4160844817746255,213691.44949162527,-25768.22,0.0226,0.3026051635099511,155411.07358365125,25768.22,-0.0449,0.1665579156281806,85540.3264815061,0.0,-0.0919,0.11475243908724277,58934.221571220754,0.0,513577.0711280034,-0.0034679475523495817
2022-10-01,0.0819,0.4348917316151344,231192.77920498938,0.0,-0.0353,0.28202078952593657,149925.06268614836,0.0,0.0596,0.1704981763362998,90638.52993980386,0.0,0.0156,0.11258930252262923,59853.5954277318,0.0,531609.9672586734,0.035112346606640976
2022-11-01,-0.0412,0.45913934724048583,247153.0201017438,26580.5,0.0774,0.24687412374269488,132891.43183805625,-26580.5,0.0485,0.17654681158174426,95034.49864188435,0.0,0.0562,0.11743971743507498,63217.36749077033,0.0,538296.3180724548,0.01257754975562353
2022-12-01,-0.1087,0.4346440235175585,220287.48681668425,0.0,0.0342,0.2711723459507748,137436.31880691778,0.0,-0.056,0.1770097408702157,89712.56671793883,0.0,-0.0606,0.11717388966145101,59386.39502082965,0.0,506822.7673623705,-0.0584688203381839
2023-01-01,0.0499,0.4031312921146622,212845.2892468368,-17558.38,0.0239,0.2457175209392701,129733.95476940312,-10730.63,0.0276,0.19728435490742774,104162.20820735393,11651.98,0.0686,0.15386683203863993,81238.62129125856,16637.02,527980.0735148524,0.04174497973441427
2023-02-01,-0.0863,0.38874483283618627,194476.74078483478,0.0,-0.037,0.2497335588579336,124933.79844293521,0.0,-0.01,0.20613053701673148,103120.5861252804,0.0,-0.0431,0.15539107128914864,77737.23671360532,0.0,500268.3620666557,-0.05248628279418799
2023-03-01,-0.0166,0.3814160796168149,191248.42688780653,0.0,0.0555,0.26299004436679685,131867.62425651812,0.0,0.0138,0.20849650824461252,104543.65021380928,0.0,-0.0512,0.1470973677717757,73757.09019386873,0.0,501416.79155200266,0.0022956268523610657
2023-04-01,0.0088,0.38657056650310956,192931.41304441923,0.0,-0.0125,0.26091624811257896,130219.27895331164,0.0,-0.0086,0.20766935446991494,103644.57482197051,0.0,-0.0199,0.14484383091439662,72289.32409901074,0.0,499084.5909187121,-0.0046512216435190545
2023-05-01,0.0315,0.39458395912343086,199008.75255531844,0.0,-0.0019,0.2577012887707926,129971.86232330035,0.0,0.0143,0.20843960831742092,105126.6922419247,0.0,-0.0283,0.13927514378835557,70243.53622700874,0.0,504350.84334755223,0.010551823327476617
2023-06-01,0.0851,0.4175333888083304,215944.39739777605,0.0,-0.057,0.23697924091151473,122563.46617087223,0.0,0.0267,0.20869201446115895,107933.57492478409,0.0,0.0072,0.13679535581899593,70749.2896878432,0.0,517190.72818127554,0.025458240038820135
2023-07-01,0.0181,0.42194454484732413,219852.99099067578,0.0,-0.0018,0.23480189530767565,122342.85193176466,0.0,0.0051,0.20820388684803187,108484.03615690049,0.0,-0.0054,0.13504967299696835,70367.24352352884,0.0,521047.12260286976,0.007456426056119403
2023-08-01,-0.0588,0.4040915704884427,206925.63512042403,0.0,0.0199,0.24366978831686759,124777.47468520678,0.0,0.015,0.21502916632743807,110111.296699254,0.0,-0.0015,0.1372094748672517,70261.69265824356,0.0,512076.09916312835,-0.01721729772717484
2023-09-01,0.0288,0.41796617664470476,212885.09341189225,0.0,-0.0199,0.2401056983475637,122294.40293897116,0.0,-0.0213,0.211581334203146,107765.9260795599,0.0,-0.0551,0.1303467908045855,66390.27339277434,0.0,509335.69582319766,-0.0053515548653984
2023-10-01,-0.0267,0.40734695362319007,207201.06141779473,0.0,0.0762,0.2587450592900684,131613.23644292078,0.0,-0.0193,0.2077734913597337,105686.04370622439,0.0,-0.0336,0.12613449572700783,64159.560206777125,0.0,508659.901773717,-0.0013268146234840517
2023-11-01,0.1103,0.42358854295093734,230055.33849217749,0.0,-0.0024,0.24175078813946377,131297.36467545776,0.0,0.0585,0.20597778914532947,111868.67726303851,0.0,0.0893,0.12868287976426934,69889.00893324232,0.0,543110.3893639161,0.06772794055530795
2023-12-01,0.0167,0.4208947461094471,233897.26264499684,0.0,0.0019,0.23671662014614628,131546.82966834115,0.0,0.0328,0.20790890815725882,115537.96987726618,0.0,0.0693,0.13447972558714777,74732.31725231602,0.0,555714.3794429202,0.023207050216376368
2024-01-01,-0.0385,0.38855548928537137,213727.75116816445,-11611.51,0.0094,0.25494534771564475,140234.52850522354,7381.77,0.0373,0.20959366714858457,115288.50929668821,-4395.09,-0.0306,0.14690549585039944,80806.42824039515,8624.84,550057.2172104713,-0.010179981734717791
2024-02-01,0.0056,0.3836994742732276,214924.62657470617,0.0,0.0053,0.25168403301785724,140977.77150630121,0.0,0.0547,0.21708009003297105,121594.79075521705,0.0,0.0227,0.14753640267594398,82640.73416145213,0.0,560137.9229976767,0.018326649431722908
2024-03-01,-0.0128,0.367771443517619,212173.59135454992,0.0,0.0977,0.26823841998376563,154751.29978246684,0.0,0.0364,0.21843843224315068,126020.84113870695,0.0,0.0161,0.14555170425546463,83971.2499814515,0.0,576916.9822571753,0.029955228115430055
2024-04-01,-0.0188,0.36289926969973824,208184.72783708439,0.0,0.0496,0.2831361710288684,162426.9642516772,0.0,-0.0175,0.21583017369584562,123815.47641877958,0.0,-0.0563,0.1381343855755478,79243.66860749578,0.0,573670.8371150369,-0.005626711020774389
2024-05-01,-0.0301,0.34442689962538353,201918.36752918814,0.0,0.0352,0.28681616642669217,168144.3933933362,0.0,0.0656,0.22505588865682866,131937.77167185151,0.0,0.0631,0.14370104529109573,84243.94409662877,0.0,586244.4766910046,0.021917864326518544
2024-06-01,-0.0239,0.3237730870115751,197092.51854524054,0.0,0.0569,0.2919354907290993,177711.80937741706,0.0,0.0938,0.23707058470598216,144313.53465467118,0.0,0.0638,0.1472208375533433,89618.70772999368,0.0,608736.5703073225,0.038366406014214816
2024-07-01,0.0367,0.31793147395191207,204325.81397585088,0.0,0.0734,0.2968165859319793,190755.85618571946,0.0,0.0318,0.23169297884062454,148902.70505668974,0.0,0.1012,0.15355896127548418,98688.12095226903,0.0,642672.496170529,0.055748130666888995
2024-08-01,0.079,0.32754815601618775,220467.5532799431,0.0,0.0258,0.29071741667248674,195677.35727531102,0.0,0.026,0.2269762542869346,152774.17538816368,0.0,0.0555,0.15475817302439082,104165.31166511997,0.0,673084.3976085378,0.047320994159891994
2024-09-01,-0.047,0.31722973928236736,210105.57827578578,0.0,0.0159,0.3001427421119768,198788.62725598845,0.0,-0.0152,0.22716127596117652,150452.00792226358,0.0,-0.0115,0.15546624264447922,102967.41058097109,0.0,662313.624035009,-0.01600211446261024
2024-10-01,-0.0006,0.3028922511310415,209979.5149288203,0.0,0.105,0.3168582706093754,219661.43311786724,0.0,0.0504,0.2279627755606099,158034.78912154568,0.0,0.0253,0.15228670269897324,105572.48606866966,0.0,693248.2232369028,0.04670687432553655
2024-11-01,-0.0416,0.2827408068264761,201244.36710778138,0.0,0.0078,0.3110233010961487,221374.7922961866,0.0,0.103,0.24490236184408745,174312.37240106487,0.0,0.0877,0.16133353023328778,114831.19309689199,0.0,711762.7249019248,0.026706886573144573
2024-12-01,-0.094,0.2646045654900708,182327.39659964992,0.0,0.017,0.3267341447820754,225138.16376522178,0.0,0.0014,0.25332683847578213,174556.40972242635,0.0,-0.0679,0.1553344512520718,107034.15508561302,0.0,689056.125172911,-0.03190192311931295
2025-01-01,0.0699,0.41889715478784956,294888.4556169654,93295.05,0.0136,0.24803379260366762,174606.8246244288,-52874.13,-0.0235,0.1911641698822247,134572.66582394933,-36745.18,-0.0335,0.14190488272625826,99895.90818024498,-3675.74,703963.8542455884,0.021634999716367842
2025-02-01,-0.0537,0.4037013679146989,279052.9455503344,0.0,0.0154,0.2564909129404428,177295.769723645,0.0,-0.0199,0.19080987840294372,131894.66977405275,0.0,0.031,0.14899784074191458,102992.68133383257,0.0,691236.0663818647,-0.018080172422153096
2025-03-01,0.0572,0.41750305525421866,295014.7740358135,0.0,0.0779,0.27045358200740494,191107.11018511694,0.0,-0.0707,0.17345989311271048,122569.71662102721,0.0,-0.0492,0.13858346962566584,97925.441412208,0.0,706617.0422541657,0.022251408195191003
2025-04-01,0.0208,0.42445809176221017,301151.08133575844,0.0,0.0277,0.2768175319661103,196400.77713724467,0.0,-0.0315,0.16731435264493633,118708.77054746485,0.0,-0.0479,0.13141002362674326,93234.81276856324,0.0,709495.4417890311,0.004073492942772816
2025-05-01,0.0146,0.42105854559428796,305547.88712326053,0.0,0.0082,0.2728683068624107,198011.26350977007,0.0,0.0703,0.17508604540414743,127053.99711695164,0.0,0.0195,0.13098710213915385,95052.89161755022,0.0,725666.0393675325,0.02279168635351092
2025-06-01,0.025,0.4313872556127734,313186.584301342,0.0,-0.029,0.2648337226835389,192268.93686798675,0.0,0.0147,0.17757840598251043,128921.69087457082,0.0,-0.0361,0.1262006157211773,91621.48223015666,0.0,725998.6942740562,0.00045841322106476845
2025-07-01,-0.0631,0.40991397661575113,293424.51083192736,0.0,0.0139,0.2723331975065956,194941.47509045177,0.0,0.0401,0.18732572688633015,134091.45067864112,0.0,0.019,0.13042709899132315,93362.29039252964,0.0,715819.7269935498,-0.014020641305263815
2025-08-01,0.0793,0.4270131236000512,316693.0745408992,0.0,0.0177,0.26750178158294985,198391.93919955275,0.0,-0.0102,0.178958031938793,132723.71788171897,0.0,0.0051,0.12652706287820584,93838.43807353155,0.0,741647.1696957025,0.03608093173211113
2025-09-01,0.0327,0.4237785368053129,327048.9380783866,0.0,0.1001,0.28280195082349874,218250.97231342798,0.0,0.0175,0.17498836382528354,135046.38294464906,0.0,-0.026,0.11843114854590486,91398.63868361973,0.0,771744.9320200833,0.040582319402270306
2025-10-01,0.0167,0.42022772751914195,332510.65534429566,0.0,0.049,0.2893415563497585,228945.26995678595,0.0,0.0341,0.17649184070236512,139651.46460306158,0.0,-0.0136,0.11393887542873443,90155.6171975225,0.0,791263.0071016657,0.025290836741218126
2025-11-01,0.073,0.43093122876923085,356783.93318442925,0.0,0.0488,0.290019388780206,240117.7991306771,0.0,-0.0036,0.16806678503585165,139148.71933049057,0.0,0.0192,0.1109825974147114,91886.60504771493,0.0,827937.0566933119,0.04634874784046872
2025-12-01,-0.0334,0.41579965168777494,344867.3498160693,0.0,0.0466,0.30299616101612614,251307.28857016665,0.0,0.022,0.1714597361003407,142209.99115576135,0.0,-0.0094,0.1097444511957581,91022.8709602664,0.0,829407.5005022638,0.0017760333313556753
2026-01-01,0.1047,0.42149040167794527,366498.5858968118,-13104.35,0.0742,0.2561583324055994,222737.37721807306,-43955.42,-0.0395,0.18323596173477036,159329.1818601088,23671.51,-0.0277,0.13911530418168513,120964.94263266702,33388.26,869530.0876076606,0.04837499911816545
2026-02-01,0.035,0.4216662918505864,379326.03640320024,0.0,0.0674,0.26428744448459984,237749.87644257117,0.0,-0.0188,0.17378372313166926,156333.79324113874,0.0,0.0431,0.14026254053314452,126178.53166013498,0.0,899588.2377470451,0.03456826919248246
2026-03-01,0.0134,0.4414339037901009,384409.00529100315,0.0,-0.0951,0.24705464326520848,215139.86319288265,0.0,-0.0297,0.17419313266532488,151690.67958187693,0.0,-0.0523,0.13731832027936575,119579.39445430992,0.0,870818.9425200727,-0.03198051510658151
2026-04-01,-0.0166,0.4380596913690523,378027.8158031725,0.0,-0.0603,0.23427160387228416,202166.92944235183,0.0,0.05,0.1845685634191187,159275.2135609708,0.0,0.0327,0.14310014133954482,123489.64065296586,0.0,862959.5994594609,-0.009025232085406287
2026-05-01,-0.0866,0.4115753020656095,345290.6069546177,0.0,-0.0074,0.2391932540822818,200670.89416447844,0.0,0.0617,0.2015647363238865,169102.4942376827,0.0,0.0032,0.14766670752822228,123884.80750305534,0.0,838948.8028598342,-0.027823778325968718
